Ticker,Date,Open,High,Low,Close,Volume
AAPL,2024-01-01,168.63,173.43,165.63,173.17,74702772
AAPL,2024-01-02,173.65,177.67,171.83,175.69,69226242
AAPL,2024-01-03,176.51,179.57,172.18,177.72,32106765
AAPL,2024-01-04,177.79,179.9,176.17,176.63,23801764
AAPL,2024-01-05,174.91,178.19,173.73,176.69,62359028
AAPL,2024-01-06,177.84,178.82,175.32,177.87,29813177
AAPL,2024-01-07,177.18,178.56,175.61,177.66,32556354
AAPL,2024-01-08,177.53,178.42,177.4,177.83,73659401
AAPL,2024-01-09,177.52,182.5,176.63,181.41,46297376
AAPL,2024-01-10,181.25,186.41,178.18,181.17,51714617
AAPL,2024-01-11,181.69,182.53,180.65,180.7,38494270
AAPL,2024-01-12,181.23,184.09,179.71,183.64,59381758
AAPL,2024-01-13,184.8,187.31,182.15,185.15,16939203
AAPL,2024-01-14,183.58,187.82,178.11,184.57,25420132
AAPL,2024-01-15,185.41,188.47,180.75,182.15,10021869
AAPL,2024-01-16,180.77,185.52,178.98,183.79,76745155
AAPL,2024-01-17,184.4,187.53,182.12,184.0,36277903
AAPL,2024-01-18,185.5,186.29,180.08,180.46,26079045
AAPL,2024-01-19,179.22,180.03,178.16,179.42,50449438
AAPL,2024-01-20,179.77,182.73,178.54,182.73,30350908
AAPL,2024-01-21,183.41,183.42,177.94,178.67,59513438
AAPL,2024-01-22,179.48,180.84,175.93,177.35,26084295
AAPL,2024-01-23,177.0,179.04,174.81,175.63,69903287
AAPL,2024-01-24,175.2,178.66,173.27,174.44,49145056
AAPL,2024-01-25,174.86,178.92,172.96,174.63,70877742
AAPL,2024-01-26,174.82,177.07,172.44,174.18,76266244
AAPL,2024-01-27,173.55,174.48,172.32,172.74,37287465
AAPL,2024-01-28,173.76,174.41,170.73,173.84,43418596
AAPL,2024-01-29,173.05,175.97,168.61,174.3,77160319
AAPL,2024-01-30,173.43,177.92,169.47,169.57,19023771
AAPL,2024-01-31,170.48,171.55,169.03,170.25,62786694
AAPL,2024-02-01,168.57,170.61,165.24,165.24,17030904
AAPL,2024-02-02,165.21,168.94,163.3,163.61,17965324
AAPL,2024-02-03,163.54,167.01,161.25,164.45,27151824
AAPL,2024-02-04,163.67,166.71,158.94,164.71,17396558
AAPL,2024-02-05,163.59,165.87,161.96,162.14,58534803
AAPL,2024-02-06,163.61,165.28,159.18,164.92,34467702
AAPL,2024-02-07,164.6,168.82,159.84,168.21,65582995
AAPL,2024-02-08,167.38,167.61,164.67,167.24,22566254
AAPL,2024-02-09,166.05,167.94,163.34,163.94,51247732
AAPL,2024-02-10,165.22,167.48,163.98,166.01,10258636
AAPL,2024-02-11,166.61,171.24,164.08,164.66,14188627
AAPL,2024-02-12,164.11,168.02,163.15,166.17,13019275
AAPL,2024-02-13,166.37,167.24,164.6,165.34,64779067
AAPL,2024-02-14,163.88,166.28,163.32,164.66,52208792
AAPL,2024-02-15,165.91,169.89,161.67,167.26,12811092
AAPL,2024-02-16,167.05,171.26,163.64,163.68,78569319
AAPL,2024-02-17,164.29,165.52,162.3,164.24,59362097
AAPL,2024-02-18,162.85,165.46,160.74,164.05,68794133
AAPL,2024-02-19,164.13,168.26,163.86,165.4,55015337
AAPL,2024-02-20,164.48,166.82,162.54,165.06,35025587
AAPL,2024-02-21,166.61,170.42,166.4,168.08,16414052
AAPL,2024-02-22,167.63,172.04,164.79,170.85,39232143
AAPL,2024-02-23,170.17,174.35,166.12,168.26,49159644
AAPL,2024-02-24,167.34,169.23,166.05,168.11,69015118
AAPL,2024-02-25,168.65,173.35,167.3,171.28,61652466
AAPL,2024-02-26,172.43,173.86,170.75,172.06,25639762
AAPL,2024-02-27,172.49,173.87,169.45,172.32,40123378
AAPL,2024-02-28,172.38,177.11,168.25,168.44,66548960
AAPL,2024-02-29,168.39,172.48,166.11,168.38,34013974
AAPL,2024-03-01,169.36,170.32,166.14,169.02,27381500
AAPL,2024-03-02,168.56,171.28,164.55,168.71,33680795
AAPL,2024-03-03,167.89,171.23,167.73,169.68,37380769
AAPL,2024-03-04,170.67,171.89,169.77,170.59,65008294
AAPL,2024-03-05,170.73,171.26,167.87,170.23,14663731
AAPL,2024-03-06,170.22,170.32,167.9,168.52,53864762
AAPL,2024-03-07,170.01,171.2,169.13,170.24,78068611
AAPL,2024-03-08,171.01,175.54,167.67,170.61,78309868
AAPL,2024-03-09,170.83,170.93,168.66,170.4,14408621
AAPL,2024-03-10,170.7,171.01,169.44,170.99,27977759
AAPL,2024-03-11,172.24,172.38,169.56,170.93,75511431
AAPL,2024-03-12,169.54,174.06,167.72,169.76,53400782
AAPL,2024-03-13,170.41,172.7,169.9,172.48,27694617
AAPL,2024-03-14,173.87,174.75,172.46,173.51,78408932
AAPL,2024-03-15,174.73,178.62,169.5,177.0,33695177
AAPL,2024-03-16,176.95,181.62,174.32,180.12,45089186
AAPL,2024-03-17,181.9,184.46,179.02,181.62,55348866
AAPL,2024-03-18,181.34,184.8,180.1,180.98,36004380
AAPL,2024-03-19,181.57,183.22,179.56,182.93,48873418
AAPL,2024-03-20,181.12,186.2,178.54,182.53,31783011
AAPL,2024-03-21,183.6,185.08,179.23,179.84,46696687
AAPL,2024-03-22,178.82,182.39,175.32,177.75,63155340
AAPL,2024-03-23,178.15,182.91,173.08,173.91,31444879
AAPL,2024-03-24,174.19,176.48,171.54,173.26,39196678
AAPL,2024-03-25,173.92,178.96,168.87,169.24,33265978
AAPL,2024-03-26,170.92,171.74,170.81,171.29,62177969
AAPL,2024-03-27,171.06,173.58,167.03,172.87,42241162
AAPL,2024-03-28,174.34,176.82,172.61,173.41,18121514
AAPL,2024-03-29,173.47,175.0,172.23,174.05,66075261
AAPL,2024-03-30,174.32,178.64,171.67,178.12,48678748
AAPL,2024-03-31,178.74,179.42,174.12,178.92,64281961
AAPL,2024-04-01,180.38,180.61,177.35,178.34,22169174
AAPL,2024-04-02,177.58,179.19,173.51,177.89,10512140
AAPL,2024-04-03,177.67,182.04,172.96,176.35,66505894
AAPL,2024-04-04,177.39,179.78,175.57,175.71,27702432
AAPL,2024-04-05,177.04,181.89,176.5,181.2,55716736
AAPL,2024-04-06,179.91,184.58,177.56,177.87,72308848
AAPL,2024-04-07,176.7,180.56,172.33,177.97,16125587
AAPL,2024-04-08,177.47,178.52,175.42,177.29,70022897
AAPL,2024-04-09,175.63,178.12,173.87,175.26,10457660
AAPL,2024-04-10,175.02,176.05,171.57,174.44,77598633
AAPL,2024-04-11,175.62,177.59,171.37,171.95,25972461
AAPL,2024-04-12,170.71,173.2,165.94,166.27,40831373
AAPL,2024-04-13,166.13,166.28,162.17,163.79,28966522
AAPL,2024-04-14,163.37,164.54,161.99,164.03,33134742
AAPL,2024-04-15,164.34,166.99,160.99,165.37,75424695
AAPL,2024-04-16,166.55,168.19,163.03,167.45,72429166
AAPL,2024-04-17,168.69,173.49,167.85,172.51,33060881
AAPL,2024-04-18,170.85,173.25,167.02,172.63,79817562
AAPL,2024-04-19,172.52,174.6,171.69,173.35,20074592
AAPL,2024-04-20,173.82,178.74,172.47,175.52,61187950
AAPL,2024-04-21,176.57,181.59,171.33,175.07,71696166
AAPL,2024-04-22,175.78,177.72,172.96,177.58,67554026
AAPL,2024-04-23,178.72,183.13,177.08,179.24,64026476
AAPL,2024-04-24,177.84,181.62,174.64,177.41,28043511
AAPL,2024-04-25,176.01,180.5,172.84,175.75,65259095
AAPL,2024-04-26,174.8,177.05,170.44,176.19,37112887
AAPL,2024-04-27,176.73,178.89,176.44,176.63,10564338
AAPL,2024-04-28,177.37,179.85,176.53,178.4,70043925
AAPL,2024-04-29,179.08,179.7,176.36,178.19,54494169
AAPL,2024-04-30,179.06,182.48,173.84,175.37,51648106
AAPL,2024-05-01,174.29,177.31,174.01,177.0,54496786
AAPL,2024-05-02,175.85,179.76,171.91,177.14,60156910
AAPL,2024-05-03,178.82,180.98,174.01,178.4,44056986
AAPL,2024-05-04,178.18,181.8,177.0,179.98,61593959
AAPL,2024-05-05,180.7,185.27,177.14,184.4,61479097
AAPL,2024-05-06,186.06,191.36,184.29,184.93,28537963
AAPL,2024-05-07,184.49,186.62,182.86,185.78,63921009
AAPL,2024-05-08,185.0,186.03,184.35,185.97,73347549
AAPL,2024-05-09,186.75,186.99,186.27,186.41,44676453
AAPL,2024-05-10,185.6,189.38,181.66,183.01,58645614
AAPL,2024-05-11,184.22,187.74,179.81,182.14,58968095
AAPL,2024-05-12,182.3,182.32,179.94,181.54,52669189
AAPL,2024-05-13,180.51,184.61,180.29,182.35,40363589
AAPL,2024-05-14,180.94,183.87,180.87,182.42,48479228
AAPL,2024-05-15,182.51,187.2,179.56,183.39,69042901
AAPL,2024-05-16,182.71,183.91,178.38,183.88,22403038
AAPL,2024-05-17,184.25,189.09,184.07,184.48,33292963
AAPL,2024-05-18,183.48,186.63,180.44,180.76,38633370
AAPL,2024-05-19,180.82,185.89,175.57,184.52,60884413
AAPL,2024-05-20,185.81,187.2,183.02,186.24,10719389
AAPL,2024-05-21,185.38,186.63,183.51,185.81,73213214
AAPL,2024-05-22,185.56,187.93,183.37,185.52,23113481
AAPL,2024-05-23,185.85,188.14,183.38,184.13,13084912
AAPL,2024-05-24,184.47,186.05,179.36,180.99,75256217
AAPL,2024-05-25,179.74,182.09,174.68,178.92,74098628
AAPL,2024-05-26,180.66,183.01,178.13,178.43,63662259
AAPL,2024-05-27,177.73,177.78,174.9,175.37,63770111
AAPL,2024-05-28,175.03,177.77,170.08,177.51,39571021
AAPL,2024-05-29,176.87,178.57,175.02,175.95,61277280
AAPL,2024-05-30,175.05,176.49,172.34,175.15,51961666
AAPL,2024-05-31,175.74,178.19,170.94,171.6,27680160
AAPL,2024-06-01,170.41,172.75,168.48,171.73,12089979
AAPL,2024-06-02,171.22,172.42,168.75,169.11,52573540
AAPL,2024-06-03,169.44,170.59,167.08,167.54,71080196
AAPL,2024-06-04,168.46,169.8,165.64,166.87,25485035
AAPL,2024-06-05,165.22,167.92,164.21,165.02,14135757
AAPL,2024-06-06,163.98,167.51,162.01,166.8,14741066
AAPL,2024-06-07,165.9,169.13,163.17,164.13,31249313
AAPL,2024-06-08,165.51,168.63,161.26,168.09,35676846
AAPL,2024-06-09,169.24,169.92,167.3,169.45,62017000
AAPL,2024-06-10,170.5,172.41,168.07,170.28,69749596
AAPL,2024-06-11,169.93,171.31,169.86,170.9,56276668
AAPL,2024-06-12,172.13,175.28,171.57,171.73,22432237
AAPL,2024-06-13,171.58,175.26,167.89,168.71,59453399
AAPL,2024-06-14,170.34,173.38,169.43,172.51,54004557
AAPL,2024-06-15,173.67,178.48,168.89,169.69,48781972
AAPL,2024-06-16,170.88,171.91,170.42,170.52,33560681
AAPL,2024-06-17,170.16,175.0,166.86,168.77,47720995
AAPL,2024-06-18,168.65,169.32,166.22,167.81,30003648
AAPL,2024-06-19,167.83,171.42,166.1,167.7,65683073
AAPL,2024-06-20,168.11,170.61,167.08,169.36,51090922
AAPL,2024-06-21,168.6,171.09,166.57,168.34,64016329
AAPL,2024-06-22,167.78,170.63,162.91,164.37,61714443
AAPL,2024-06-23,163.64,166.8,160.34,165.83,78392491
AAPL,2024-06-24,164.46,165.36,160.23,164.8,68620640
AAPL,2024-06-25,166.17,168.48,163.64,168.16,13467282
AAPL,2024-06-26,168.67,173.1,164.99,166.6,45770428
AAPL,2024-06-27,166.33,170.32,166.12,166.38,62053955
AAPL,2024-06-28,167.45,168.3,163.13,165.66,16235103
AAPL,2024-06-29,164.5,167.56,161.33,164.34,47951284
AAPL,2024-06-30,164.03,164.91,162.62,162.89,16954488
AAPL,2024-07-01,164.49,164.81,163.19,163.67,51215507
AAPL,2024-07-02,162.74,166.8,160.38,160.89,22846102
AAPL,2024-07-03,161.07,161.63,159.17,160.03,62926648
AAPL,2024-07-04,160.85,162.39,160.6,161.95,54387068
AAPL,2024-07-05,163.4,163.42,160.49,162.94,13547123
AAPL,2024-07-06,161.63,165.97,160.3,160.99,33300511
AAPL,2024-07-07,161.01,165.2,158.02,162.46,48313502
AAPL,2024-07-08,162.37,165.94,161.48,163.09,25472262
AAPL,2024-07-09,164.61,168.6,163.32,166.91,67815922
AAPL,2024-07-10,165.7,168.2,162.64,165.15,49711841
AAPL,2024-07-11,164.06,167.15,160.96,166.1,76043403
AAPL,2024-07-12,166.44,169.64,163.06,168.77,78538269
AAPL,2024-07-13,167.47,170.47,165.51,165.89,62268421
AAPL,2024-07-14,166.11,170.86,161.44,166.78,40326547
AAPL,2024-07-15,165.2,168.44,163.8,164.43,20744508
AAPL,2024-07-16,165.21,169.09,162.56,163.31,40397608
AAPL,2024-07-17,162.8,165.11,158.5,165.02,50148804
AAPL,2024-07-18,164.0,165.03,162.33,163.72,56771031
AAPL,2024-07-19,163.45,164.09,161.31,161.81,64418162
AAPL,2024-07-20,161.73,163.27,158.49,161.02,47933610
AAPL,2024-07-21,162.62,165.87,162.52,163.76,30195217
AAPL,2024-07-22,164.87,168.23,161.06,163.9,53354599
AAPL,2024-07-23,165.47,165.88,162.59,162.78,64176308
AAPL,2024-07-24,163.05,165.18,162.68,164.18,46189479
AAPL,2024-07-25,162.6,166.18,157.86,158.4,29409173
AAPL,2024-07-26,157.01,157.61,155.54,155.62,24819302
AAPL,2024-07-27,154.79,158.05,153.31,154.3,77435263
AAPL,2024-07-28,155.34,156.67,153.45,154.46,43341352
AAPL,2024-07-29,153.32,155.44,149.19,153.05,14474782
AAPL,2024-07-30,152.26,154.07,151.5,153.42,30000260
AAPL,2024-07-31,154.63,158.98,152.18,157.4,16560003
AAPL,2024-08-01,158.96,159.36,158.86,159.01,36039058
AAPL,2024-08-02,159.44,163.03,156.86,163.01,48004716
AAPL,2024-08-03,162.37,166.47,162.12,164.19,58365721
AAPL,2024-08-04,164.07,167.45,161.61,165.06,51403549
AAPL,2024-08-05,165.33,168.59,163.8,166.33,65274365
AAPL,2024-08-06,166.9,167.63,163.67,163.99,62763627
AAPL,2024-08-07,163.0,165.34,162.95,165.16,64485906
AAPL,2024-08-08,163.94,167.18,162.75,164.32,31416350
AAPL,2024-08-09,163.58,164.93,159.0,164.63,56356049
AAPL,2024-08-10,166.1,169.26,162.32,165.01,25509342
AAPL,2024-08-11,163.46,165.78,162.04,163.57,71047997
AAPL,2024-08-12,162.25,164.9,160.99,161.53,44586207
AAPL,2024-08-13,163.15,163.46,161.26,161.54,71655262
AAPL,2024-08-14,160.75,164.2,158.67,163.14,51872051
AAPL,2024-08-15,163.69,168.28,159.79,165.8,19830801
AAPL,2024-08-16,165.54,167.05,162.95,166.33,48848407
AAPL,2024-08-17,166.56,167.59,165.55,166.11,40041136
AAPL,2024-08-18,166.03,169.49,163.09,168.77,22410931
AAPL,2024-08-19,170.14,173.88,165.68,170.02,64610862
AAPL,2024-08-20,171.5,172.79,168.41,169.74,24289929
AAPL,2024-08-21,168.38,171.76,167.16,170.43,20146359
AAPL,2024-08-22,170.05,171.98,167.86,171.43,46002335
AAPL,2024-08-23,171.28,174.86,167.04,169.81,21474068
AAPL,2024-08-24,169.35,174.39,168.34,173.17,49351936
AAPL,2024-08-25,173.3,178.28,171.05,172.44,59058634
AAPL,2024-08-26,173.74,175.71,168.91,170.3,36684267
AAPL,2024-08-27,170.92,171.04,170.15,170.92,61825327
AAPL,2024-08-28,170.13,170.24,169.95,170.04,23997296
AAPL,2024-08-29,169.03,173.54,166.98,173.47,59285403
AAPL,2024-08-30,172.86,177.82,169.29,173.1,63593317
AAPL,2024-08-31,172.33,174.33,171.11,171.25,57679222
AAPL,2024-09-01,172.32,173.25,169.37,171.67,35427707
AAPL,2024-09-02,170.11,174.57,169.39,174.36,35802479
AAPL,2024-09-03,173.32,173.79,169.08,172.6,12087706
AAPL,2024-09-04,173.44,178.03,169.47,176.7,29445383
AAPL,2024-09-05,178.1,178.67,174.01,177.84,40551333
AAPL,2024-09-06,176.67,180.55,176.55,179.08,74295954
AAPL,2024-09-07,179.1,182.89,176.84,179.78,69295554
AAPL,2024-09-08,181.55,182.54,178.05,181.02,24027747
AAPL,2024-09-09,182.6,184.75,178.21,178.8,49935164
AAPL,2024-09-10,179.32,183.47,176.15,181.14,56774063
AAPL,2024-09-11,182.42,186.18,177.05,182.95,48490406
AAPL,2024-09-12,183.15,184.39,179.66,181.24,38443891
AAPL,2024-09-13,182.91,186.48,179.28,181.97,62511476
AAPL,2024-09-14,181.48,181.62,179.69,180.88,52279041
AAPL,2024-09-15,182.47,185.77,178.24,180.9,15173280
AAPL,2024-09-16,182.62,184.21,177.7,182.21,48876667
AAPL,2024-09-17,183.93,187.09,183.24,184.56,36594146
AAPL,2024-09-18,185.54,186.95,183.38,184.92,16591630
AAPL,2024-09-19,183.37,187.81,180.21,183.93,15205230
AAPL,2024-09-20,182.95,183.32,181.02,182.94,32416868
AAPL,2024-09-21,183.36,183.59,183.16,183.45,57377559
AAPL,2024-09-22,185.27,185.39,180.3,181.76,56958217
AAPL,2024-09-23,180.95,181.63,178.36,181.62,34495783
AAPL,2024-09-24,180.89,181.96,175.47,176.88,43266748
AAPL,2024-09-25,175.86,176.7,174.63,176.67,76240575
AAPL,2024-09-26,178.4,183.03,176.94,178.08,39419141
AAPL,2024-09-27,178.74,180.11,177.59,180.05,64694548
AAPL,2024-09-28,178.32,182.74,174.73,175.14,21142533
AAPL,2024-09-29,175.29,177.61,170.96,176.93,48187251
AAPL,2024-09-30,178.68,178.8,173.39,173.63,25331542
AAPL,2024-10-01,174.3,177.07,170.38,172.18,10843607
AAPL,2024-10-02,172.3,174.02,168.0,173.52,15060990
AAPL,2024-10-03,175.16,180.24,171.34,173.11,17237938
AAPL,2024-10-04,174.33,178.03,171.52,172.35,28231762
AAPL,2024-10-05,171.2,174.23,167.16,167.6,32969308
AAPL,2024-10-06,167.16,171.07,162.74,163.81,68488157
AAPL,2024-10-07,165.19,169.91,163.78,165.11,20857854
AAPL,2024-10-08,164.08,168.0,162.43,167.77,43050975
AAPL,2024-10-09,168.44,173.4,166.8,167.9,11191607
AAPL,2024-10-10,168.26,171.87,166.68,170.24,40139220
AAPL,2024-10-11,169.34,173.29,169.27,173.11,17519150
AAPL,2024-10-12,174.37,175.24,171.63,171.89,61033480
AAPL,2024-10-13,172.17,176.07,171.79,171.98,46718147
AAPL,2024-10-14,173.41,175.95,173.24,174.73,73012102
AAPL,2024-10-15,176.06,180.46,172.3,176.22,54856657
AAPL,2024-10-16,177.73,178.39,177.32,177.82,31311204
AAPL,2024-10-17,176.53,181.77,174.13,178.96,66370842
AAPL,2024-10-18,179.96,181.21,176.6,181.18,62027909
AAPL,2024-10-19,182.71,184.5,178.89,181.71,76897067
AAPL,2024-10-20,181.52,185.67,176.79,183.79,34846266
AAPL,2024-10-21,182.34,187.18,180.24,180.48,38058281
AAPL,2024-10-22,179.13,181.82,177.73,178.66,31905895
AAPL,2024-10-23,178.37,181.27,177.48,178.71,50469019
AAPL,2024-10-24,177.21,181.59,172.4,174.58,30255317
AAPL,2024-10-25,175.43,176.06,174.72,175.84,43622740
AAPL,2024-10-26,176.43,176.94,173.2,174.49,51565089
AAPL,2024-10-27,175.79,180.5,173.04,178.32,73856390
AAPL,2024-10-28,177.42,178.42,173.29,178.18,69403535
AAPL,2024-10-29,178.87,182.48,175.45,180.47,78948781
AAPL,2024-10-30,182.09,182.5,181.95,182.33,20168282
AAPL,2024-10-31,182.92,187.56,182.31,183.33,40270545
AAPL,2024-11-01,182.08,182.98,177.77,178.47,42233954
AAPL,2024-11-02,178.75,183.29,173.56,177.73,19570981
AAPL,2024-11-03,178.44,181.88,177.29,179.77,78913074
AAPL,2024-11-04,179.23,182.4,174.33,181.93,78380084
AAPL,2024-11-05,183.67,186.34,178.53,182.96,10615781
AAPL,2024-11-06,184.31,189.32,179.67,179.81,35416708
AAPL,2024-11-07,178.37,182.46,176.52,178.97,52739629
AAPL,2024-11-08,178.51,182.98,177.27,179.69,58523131
AAPL,2024-11-09,178.03,182.82,177.87,178.0,52277749
AAPL,2024-11-10,179.35,181.04,174.94,177.66,68926987
AAPL,2024-11-11,178.81,179.27,178.44,178.66,77472526
AAPL,2024-11-12,177.97,181.8,175.45,175.59,27963336
AAPL,2024-11-13,174.08,178.04,172.74,173.88,28399453
AAPL,2024-11-14,175.5,179.8,171.65,175.84,75138472
AAPL,2024-11-15,177.18,179.1,176.73,179.0,18249446
AAPL,2024-11-16,177.93,179.24,174.62,178.29,59110743
AAPL,2024-11-17,179.73,180.17,179.37,179.89,30360595
AAPL,2024-11-18,180.64,184.11,177.0,183.68,42361848
AAPL,2024-11-19,183.46,188.14,179.74,185.65,64817376
AAPL,2024-11-20,183.97,184.41,180.85,182.27,21588095
AAPL,2024-11-21,182.67,185.61,182.53,184.3,57375411
AAPL,2024-11-22,183.46,184.99,179.11,180.86,66937940
AAPL,2024-11-23,179.13,184.41,177.99,180.54,63548146
AAPL,2024-11-24,178.81,180.89,178.15,179.54,55089044
AAPL,2024-11-25,179.66,183.35,176.9,176.93,50535855
AAPL,2024-11-26,176.09,181.13,172.82,176.24,43420487
AAPL,2024-11-27,176.47,180.31,172.74,173.64,11587317
AAPL,2024-11-28,173.06,174.2,172.02,173.17,39622634
AAPL,2024-11-29,172.58,177.73,169.95,174.01,72110547
AAPL,2024-11-30,173.93,177.05,170.3,170.8,44088070
AAPL,2024-12-01,171.2,171.36,166.7,167.78,58115638
AAPL,2024-12-02,169.14,170.0,167.74,168.75,60962532
AAPL,2024-12-03,168.61,172.24,168.51,170.66,54857859
AAPL,2024-12-04,169.4,173.6,165.93,169.19,67590672
AAPL,2024-12-05,170.64,175.58,167.61,173.25,34339938
AAPL,2024-12-06,174.11,175.84,170.02,174.06,61635149
AAPL,2024-12-07,175.77,179.56,170.83,177.45,31217120
AAPL,2024-12-08,177.39,178.23,172.91,173.18,15095020
AAPL,2024-12-09,173.04,173.53,171.66,171.77,41100808
AAPL,2024-12-10,172.27,172.66,167.15,167.52,23510186
AAPL,2024-12-11,168.61,169.22,167.93,168.89,30542083
AAPL,2024-12-12,168.43,169.8,166.72,169.71,23897107
AAPL,2024-12-13,169.78,174.18,165.26,169.07,35510072
AAPL,2024-12-14,170.76,173.89,166.25,167.4,65409907
AAPL,2024-12-15,167.08,171.27,165.35,169.16,36189358
AAPL,2024-12-16,170.52,173.09,165.96,166.51,58034469
AAPL,2024-12-17,166.32,166.94,163.74,166.44,20209215
AAPL,2024-12-18,167.04,169.25,163.44,165.87,58035884
AAPL,2024-12-19,165.31,169.37,161.54,161.56,36720240
AAPL,2024-12-20,163.07,165.91,161.61,163.3,19053412
AAPL,2024-12-21,164.19,166.61,159.74,161.3,65846961
AAPL,2024-12-22,160.26,164.17,158.26,163.66,34786271
AAPL,2024-12-23,163.63,166.02,159.22,160.5,13416618
AAPL,2024-12-24,162.03,164.7,162.01,162.27,42450994
AAPL,2024-12-25,162.65,164.19,161.35,163.07,36070024
AAPL,2024-12-26,164.13,168.84,162.05,164.3,58753464
AAPL,2024-12-27,165.02,168.45,163.94,165.93,44347859
AAPL,2024-12-28,165.79,167.85,165.5,167.21,70984982
AAPL,2024-12-29,166.27,168.74,162.13,165.27,11892550
AAPL,2024-12-30,166.78,171.62,162.84,167.31,53378620
MSFT,2024-01-01,378.56,378.73,376.49,377.75,23543960
MSFT,2024-01-02,374.45,385.38,363.31,382.87,47363521
MSFT,2024-01-03,385.57,396.68,374.57,376.9,65820363
MSFT,2024-01-04,373.97,385.05,366.82,384.67,72850792
MSFT,2024-01-05,387.63,397.86,384.68,394.93,39375518
MSFT,2024-01-06,396.25,407.36,389.43,406.22,25971028
MSFT,2024-01-07,408.15,410.4,407.73,408.28,35230226
MSFT,2024-01-08,410.51,422.7,408.78,418.46,65297232
MSFT,2024-01-09,420.5,432.98,420.09,430.56,62358480
MSFT,2024-01-10,430.81,443.49,422.83,442.2,53625802
MSFT,2024-01-11,438.49,439.85,432.26,435.07,12454860
MSFT,2024-01-12,438.92,440.76,438.58,439.49,48054430
MSFT,2024-01-13,443.35,452.46,432.7,440.17,63179003
MSFT,2024-01-14,442.07,445.23,438.65,442.06,36590386
MSFT,2024-01-15,438.33,441.03,436.9,437.56,34750837
MSFT,2024-01-16,434.01,435.6,425.6,431.12,75333060
MSFT,2024-01-17,430.17,430.92,427.9,429.9,69579847
MSFT,2024-01-18,428.35,434.38,421.89,423.83,38093678
MSFT,2024-01-19,424.31,433.17,421.78,423.44,30503588
MSFT,2024-01-20,424.95,436.02,424.75,433.14,55314475
MSFT,2024-01-21,436.93,440.85,430.99,432.17,71504050
MSFT,2024-01-22,435.64,443.49,435.16,440.37,76584355
MSFT,2024-01-23,441.87,453.29,429.93,445.73,23701705
MSFT,2024-01-24,441.93,452.13,439.88,440.73,44076117
MSFT,2024-01-25,442.44,448.36,433.39,447.52,66602311
MSFT,2024-01-26,450.06,456.25,448.31,452.61,74585597
MSFT,2024-01-27,455.04,458.97,450.47,458.4,42787329
MSFT,2024-01-28,461.76,467.46,459.9,460.49,66928656
MSFT,2024-01-29,463.51,476.6,455.14,467.68,13758573
MSFT,2024-01-30,466.45,478.25,465.71,478.13,54324291
MSFT,2024-01-31,476.45,481.48,472.9,474.29,45392162
MSFT,2024-02-01,476.42,482.55,463.94,464.21,38546765
MSFT,2024-02-02,460.6,461.73,448.32,450.2,24613352
MSFT,2024-02-03,451.63,462.42,449.78,457.64,15087853
MSFT,2024-02-04,455.56,466.1,452.85,463.03,50375648
MSFT,2024-02-05,467.31,475.6,462.25,465.03,71544051
MSFT,2024-02-06,461.48,468.84,453.51,453.85,32495954
MSFT,2024-02-07,454.23,454.47,441.11,447.02,76696508
MSFT,2024-02-08,443.94,444.79,439.93,441.95,39379339
MSFT,2024-02-09,442.11,447.44,434.23,446.21,38343218
MSFT,2024-02-10,444.38,453.29,436.69,449.88,49831835
MSFT,2024-02-11,447.06,451.66,433.92,444.06,72070009
MSFT,2024-02-12,444.18,453.13,440.08,449.71,48804183
MSFT,2024-02-13,446.19,455.43,434.91,438.73,56272246
MSFT,2024-02-14,442.84,447.86,432.99,442.88,47019510
MSFT,2024-02-15,445.58,446.2,444.04,445.73,52936909
MSFT,2024-02-16,443.49,455.52,430.48,455.43,28563813
MSFT,2024-02-17,455.18,461.55,454.29,456.23,39208663
MSFT,2024-02-18,452.99,461.38,447.62,460.81,22723542
MSFT,2024-02-19,456.26,466.86,453.98,465.65,36435078
MSFT,2024-02-20,467.49,472.23,459.58,465.3,55635718
MSFT,2024-02-21,465.3,465.39,456.57,464.39,50767084
MSFT,2024-02-22,465.32,474.13,457.56,464.85,69632331
MSFT,2024-02-23,468.51,470.19,457.09,460.13,57073270
MSFT,2024-02-24,463.96,468.0,462.08,467.15,27731243
MSFT,2024-02-25,468.02,475.28,455.01,455.29,30125954
MSFT,2024-02-26,458.82,467.92,449.13,462.17,67560198
MSFT,2024-02-27,459.14,467.17,449.78,455.06,50225120
MSFT,2024-02-28,452.73,461.22,452.45,457.26,72050856
MSFT,2024-02-29,456.4,467.92,451.13,467.14,17761109
MSFT,2024-03-01,467.78,471.15,458.51,469.92,24671486
MSFT,2024-03-02,467.16,474.91,463.75,464.34,35885197
MSFT,2024-03-03,462.08,470.78,452.83,460.35,63410713
MSFT,2024-03-04,464.08,470.99,461.85,464.74,21803944
MSFT,2024-03-05,464.53,476.32,454.32,470.3,17827200
MSFT,2024-03-06,469.92,479.08,461.97,470.48,32799999
MSFT,2024-03-07,468.11,475.92,456.97,462.41,39206171
MSFT,2024-03-08,461.67,471.57,461.55,468.91,57499815
MSFT,2024-03-09,467.69,473.95,455.56,471.97,12552852
MSFT,2024-03-10,468.43,476.34,455.26,459.65,24386658
MSFT,2024-03-11,462.28,463.54,462.11,462.24,40902084
MSFT,2024-03-12,463.27,470.29,457.66,460.1,69259707
MSFT,2024-03-13,463.3,474.33,461.89,467.94,44727535
MSFT,2024-03-14,472.52,477.91,472.0,474.0,30871765
MSFT,2024-03-15,476.31,483.12,465.44,470.1,14123327
MSFT,2024-03-16,468.04,472.45,454.61,472.2,53632186
MSFT,2024-03-17,474.56,483.29,465.68,466.57,47496719
MSFT,2024-03-18,468.16,475.41,462.93,464.11,11578810
MSFT,2024-03-19,462.38,475.94,453.68,473.92,29604873
MSFT,2024-03-20,471.51,477.48,463.54,473.14,53417188
MSFT,2024-03-21,475.7,486.86,462.99,463.02,70750546
MSFT,2024-03-22,461.6,473.92,461.29,467.91,12908572
MSFT,2024-03-23,466.62,469.25,463.43,465.92,62910046
MSFT,2024-03-24,464.29,473.24,453.96,462.64,18935147
MSFT,2024-03-25,464.02,476.47,455.38,458.81,59371565
MSFT,2024-03-26,455.99,463.22,450.34,460.98,15041172
MSFT,2024-03-27,457.27,465.46,452.22,458.33,68306619
MSFT,2024-03-28,458.91,472.65,446.29,457.52,66254300
MSFT,2024-03-29,454.27,464.66,449.94,454.69,39847662
MSFT,2024-03-30,454.05,465.85,451.03,453.21,68157611
MSFT,2024-03-31,450.1,454.54,436.67,447.39,56858321
MSFT,2024-04-01,444.11,453.57,437.05,438.67,57358021
MSFT,2024-04-02,441.96,449.49,433.35,447.8,14165341
MSFT,2024-04-03,444.73,454.15,442.09,451.83,15603620
MSFT,2024-04-04,452.95,458.01,439.39,448.81,68488614
MSFT,2024-04-05,448.52,453.55,438.81,447.12,20027022
MSFT,2024-04-06,446.85,447.1,438.17,441.11,14574295
MSFT,2024-04-07,442.34,442.85,432.1,437.21,50829774
MSFT,2024-04-08,436.38,447.41,431.43,440.92,66756437
MSFT,2024-04-09,438.06,442.71,427.91,428.84,65681368
MSFT,2024-04-10,425.87,430.53,425.02,425.36,37382755
MSFT,2024-04-11,422.29,425.9,422.15,425.2,25844569
MSFT,2024-04-12,427.23,429.76,423.23,424.58,78757978
MSFT,2024-04-13,423.64,431.65,419.37,429.52,41401873
MSFT,2024-04-14,426.32,429.37,415.22,417.88,43241329
MSFT,2024-04-15,421.18,429.19,418.29,419.58,79051312
MSFT,2024-04-16,421.48,430.58,419.49,424.23,69487809
MSFT,2024-04-17,427.93,435.31,415.59,434.72,29784802
MSFT,2024-04-18,433.26,435.5,426.94,433.58,43944734
MSFT,2024-04-19,431.24,435.01,423.1,432.37,10580280
MSFT,2024-04-20,430.57,442.82,427.32,436.73,71028791
MSFT,2024-04-21,434.16,440.19,432.03,437.19,26337242
MSFT,2024-04-22,438.84,441.82,431.16,438.68,49072121
MSFT,2024-04-23,435.66,444.06,432.2,441.03,76735297
MSFT,2024-04-24,437.21,441.65,430.05,439.97,29809457
MSFT,2024-04-25,442.58,445.01,440.59,440.86,54363923
MSFT,2024-04-26,442.25,444.82,429.92,432.38,19151512
MSFT,2024-04-27,430.83,440.81,422.69,439.48,72658806
MSFT,2024-04-28,435.21,439.91,424.25,438.84,44896172
MSFT,2024-04-29,435.14,447.41,430.59,435.44,75655492
MSFT,2024-04-30,435.18,435.58,431.52,432.12,48697027
MSFT,2024-05-01,429.23,429.68,420.38,429.35,57310724
MSFT,2024-05-02,428.34,429.39,419.79,428.92,10781132
MSFT,2024-05-03,428.13,437.12,422.57,435.88,67507601
MSFT,2024-05-04,439.62,447.08,430.92,435.73,74125184
MSFT,2024-05-05,436.59,443.52,428.82,436.06,33122652
MSFT,2024-05-06,431.73,437.82,422.71,425.34,68923787
MSFT,2024-05-07,429.11,433.34,425.12,427.07,49601025
MSFT,2024-05-08,424.34,425.97,419.44,425.9,14832525
MSFT,2024-05-09,427.47,430.27,424.62,425.55,77339440
MSFT,2024-05-10,427.82,432.39,415.25,424.47,13227361
MSFT,2024-05-11,424.96,428.09,420.19,423.03,61899619
MSFT,2024-05-12,419.86,429.23,410.81,412.39,64229130
MSFT,2024-05-13,413.72,415.84,406.82,411.27,62852901
MSFT,2024-05-14,407.79,412.91,407.73,411.34,47852886
MSFT,2024-05-15,411.39,415.9,400.84,412.16,20876003
MSFT,2024-05-16,409.0,414.26,404.72,413.32,57457735
MSFT,2024-05-17,416.42,419.04,410.69,415.67,35036836
MSFT,2024-05-18,417.57,425.82,409.2,425.23,42662778
MSFT,2024-05-19,425.03,431.1,418.35,420.3,25124985
MSFT,2024-05-20,423.93,427.09,420.09,423.93,76145943
MSFT,2024-05-21,424.74,437.33,420.75,421.05,11019784
MSFT,2024-05-22,422.03,432.87,413.6,413.65,12781444
MSFT,2024-05-23,416.1,425.42,405.74,416.39,46881836
MSFT,2024-05-24,414.21,420.67,410.84,412.56,73643666
MSFT,2024-05-25,413.17,422.7,401.7,412.27,60746258
MSFT,2024-05-26,408.48,409.02,407.52,407.73,46680295
MSFT,2024-05-27,404.76,411.12,395.58,403.43,39748596
MSFT,2024-05-28,403.28,405.58,397.41,399.39,48440296
MSFT,2024-05-29,397.11,398.54,396.71,398.18,75165055
MSFT,2024-05-30,398.67,403.48,388.62,391.38,25567357
MSFT,2024-05-31,388.27,389.2,378.09,381.66,69608946
MSFT,2024-06-01,383.91,386.68,376.31,385.69,22988568
MSFT,2024-06-02,385.2,392.26,378.37,382.48,38481304
MSFT,2024-06-03,384.91,384.95,380.51,384.85,65750716
MSFT,2024-06-04,383.09,391.64,378.71,380.33,44998784
MSFT,2024-06-05,383.18,393.07,381.1,382.19,50985923
MSFT,2024-06-06,382.6,390.64,377.07,385.32,71702403
MSFT,2024-06-07,388.17,399.71,379.12,387.77,33231601
MSFT,2024-06-08,390.6,397.62,384.48,396.84,77530178
MSFT,2024-06-09,395.71,405.89,390.12,398.33,16926651
MSFT,2024-06-10,399.54,400.02,397.34,398.31,76433510
MSFT,2024-06-11,398.83,408.9,398.18,405.14,60250378
MSFT,2024-06-12,404.35,404.36,398.2,402.34,47864725
MSFT,2024-06-13,402.06,413.58,400.46,404.77,40195694
MSFT,2024-06-14,406.86,412.45,406.81,410.7,72278109
MSFT,2024-06-15,412.17,415.83,403.58,407.93,40840911
MSFT,2024-06-16,404.7,409.31,394.08,408.65,33071379
MSFT,2024-06-17,407.98,417.97,407.91,411.89,29927936
MSFT,2024-06-18,415.13,422.48,408.97,415.03,44626645
MSFT,2024-06-19,411.11,422.35,406.35,419.66,11368676
MSFT,2024-06-20,418.57,422.55,413.0,414.22,24824609
MSFT,2024-06-21,410.95,415.31,401.0,406.58,76670414
MSFT,2024-06-22,402.73,414.79,396.04,397.36,68798623
MSFT,2024-06-23,400.13,409.52,392.98,397.23,45303932
MSFT,2024-06-24,396.55,398.19,394.6,397.42,33514477
MSFT,2024-06-25,399.93,408.31,396.66,407.29,69452372
MSFT,2024-06-26,404.04,414.94,401.94,410.55,23093924
MSFT,2024-06-27,408.36,411.61,400.06,400.22,17036198
MSFT,2024-06-28,398.35,400.16,394.81,398.05,58502611
MSFT,2024-06-29,401.82,407.29,392.5,403.08,28557400
MSFT,2024-06-30,405.78,417.04,394.62,410.36,16730302
MSFT,2024-07-01,414.18,423.44,405.0,419.55,14981527
MSFT,2024-07-02,417.59,420.06,407.19,413.61,11412369
MSFT,2024-07-03,417.7,425.11,413.87,418.5,51769282
MSFT,2024-07-04,420.75,429.3,412.34,420.99,33811662
MSFT,2024-07-05,416.87,418.23,408.96,413.79,48574165
MSFT,2024-07-06,416.88,425.22,416.08,418.87,24750120
MSFT,2024-07-07,415.74,426.98,407.37,422.31,24488392
MSFT,2024-07-08,426.19,436.48,414.88,416.43,39408793
MSFT,2024-07-09,418.63,427.57,412.82,417.87,56602552
MSFT,2024-07-10,416.63,421.18,409.03,412.01,12719663
MSFT,2024-07-11,414.29,424.1,403.19,408.56,42823421
MSFT,2024-07-12,404.89,412.48,396.58,400.62,27046093
MSFT,2024-07-13,401.9,408.07,393.44,394.99,67246223
MSFT,2024-07-14,391.06,396.32,385.58,388.45,60369444
MSFT,2024-07-15,390.04,400.86,387.17,388.03,41591232
MSFT,2024-07-16,388.86,396.92,388.26,392.22,70394554
MSFT,2024-07-17,393.24,403.67,389.92,390.12,15897777
MSFT,2024-07-18,387.49,390.68,381.64,387.49,39909637
MSFT,2024-07-19,384.97,393.51,381.15,387.23,43605806
MSFT,2024-07-20,386.62,395.75,375.67,379.53,21084125
MSFT,2024-07-21,378.48,382.1,368.47,375.8,65780826
MSFT,2024-07-22,372.79,376.6,369.82,373.21,69537842
MSFT,2024-07-23,371.86,376.13,366.36,372.22,45343092
MSFT,2024-07-24,371.5,376.37,361.38,369.4,36178129
MSFT,2024-07-25,367.98,370.16,359.46,367.83,19125098
MSFT,2024-07-26,367.9,368.66,364.17,366.82,63352683
MSFT,2024-07-27,369.67,373.36,366.65,369.67,64044164
MSFT,2024-07-28,371.68,375.9,360.99,372.39,36635043
MSFT,2024-07-29,373.73,376.36,369.34,373.7,35072226
MSFT,2024-07-30,372.96,373.31,367.78,371.08,18379728
MSFT,2024-07-31,369.5,370.07,365.71,366.67,24885207
MSFT,2024-08-01,363.01,371.97,358.72,364.86,79741914
MSFT,2024-08-02,365.62,368.84,359.23,359.27,49324908
MSFT,2024-08-03,359.28,360.56,348.76,354.25,51532206
MSFT,2024-08-04,352.2,356.79,342.08,354.52,77589437
MSFT,2024-08-05,356.67,359.62,354.54,355.48,75379193
MSFT,2024-08-06,357.72,363.58,348.37,353.05,45445343
MSFT,2024-08-07,353.66,363.84,350.07,352.96,36839702
MSFT,2024-08-08,353.54,356.89,347.59,356.77,28265205
MSFT,2024-08-09,354.16,357.72,349.05,350.79,42046885
MSFT,2024-08-10,353.67,361.22,352.05,359.6,65927684
MSFT,2024-08-11,361.58,362.17,350.78,357.69,26917558
MSFT,2024-08-12,354.68,360.61,348.38,357.93,74274901
MSFT,2024-08-13,355.36,365.68,350.17,351.83,48796201
MSFT,2024-08-14,353.46,359.8,348.08,357.96,10331078
MSFT,2024-08-15,360.57,362.81,356.96,359.97,39425185
MSFT,2024-08-16,360.73,362.6,355.32,357.01,49788830
MSFT,2024-08-17,356.65,363.85,349.18,353.77,46501693
MSFT,2024-08-18,355.92,360.16,352.82,360.06,76313849
MSFT,2024-08-19,363.27,366.13,362.97,363.92,28358421
MSFT,2024-08-20,365.88,368.5,357.1,365.2,19385296
MSFT,2024-08-21,364.28,370.61,359.85,362.91,17722622
MSFT,2024-08-22,361.2,365.56,353.84,365.04,27592974
MSFT,2024-08-23,367.48,373.64,361.92,365.4,12550085
MSFT,2024-08-24,368.31,371.63,358.28,366.5,56472263
MSFT,2024-08-25,368.63,377.82,362.2,372.69,72516630
MSFT,2024-08-26,370.55,379.34,361.2,363.23,46624421
MSFT,2024-08-27,361.76,365.1,353.56,357.4,74534580
MSFT,2024-08-28,358.65,358.66,351.6,357.18,20943710
MSFT,2024-08-29,355.97,365.69,354.25,361.32,37627875
MSFT,2024-08-30,358.7,366.11,358.14,361.52,71208538
MSFT,2024-08-31,362.58,370.93,352.96,370.62,59840899
MSFT,2024-09-01,373.42,374.12,366.13,372.28,54271431
MSFT,2024-09-02,370.63,372.02,364.17,365.57,47000107
MSFT,2024-09-03,364.44,366.23,353.68,360.04,46876519
MSFT,2024-09-04,359.72,362.29,358.28,360.0,19155350
MSFT,2024-09-05,359.27,367.01,356.09,357.86,21308032
MSFT,2024-09-06,354.82,357.38,351.41,356.04,68401467
MSFT,2024-09-07,355.24,362.38,354.12,358.0,27768941
MSFT,2024-09-08,358.99,366.23,354.95,362.87,32475802
MSFT,2024-09-09,362.32,368.15,361.22,365.99,51808529
MSFT,2024-09-10,368.86,376.14,368.59,375.46,73096600
MSFT,2024-09-11,378.85,383.32,370.95,375.79,65854605
MSFT,2024-09-12,376.86,387.8,374.88,386.41,35427601
MSFT,2024-09-13,385.09,395.98,378.55,391.42,56879800
MSFT,2024-09-14,387.89,392.06,377.22,379.17,56965413
MSFT,2024-09-15,382.62,382.77,378.17,381.31,15980144
MSFT,2024-09-16,383.54,393.74,372.25,393.71,13578988
MSFT,2024-09-17,397.53,408.5,386.02,407.51,68496425
MSFT,2024-09-18,411.35,423.01,406.26,422.23,30628001
MSFT,2024-09-19,421.21,433.79,415.28,420.35,23940895
MSFT,2024-09-20,421.25,426.39,413.95,419.97,44873966
MSFT,2024-09-21,419.45,422.94,414.21,416.29,55339674
MSFT,2024-09-22,414.72,426.31,406.37,419.46,57349772
MSFT,2024-09-23,415.92,424.64,407.54,422.66,79308561
MSFT,2024-09-24,422.85,433.54,415.85,422.81,76852734
MSFT,2024-09-25,423.95,432.36,423.0,429.46,64063242
MSFT,2024-09-26,426.12,435.89,414.03,421.25,38507573
MSFT,2024-09-27,418.02,429.62,413.87,419.69,46652934
MSFT,2024-09-28,423.03,423.15,420.28,420.89,26051888
MSFT,2024-09-29,422.23,430.27,414.52,418.28,58453035
MSFT,2024-09-30,418.27,423.77,413.12,422.35,12949544
MSFT,2024-10-01,424.37,430.06,419.58,420.92,53517090
MSFT,2024-10-02,421.23,433.3,419.41,422.36,11170206
MSFT,2024-10-03,426.57,435.76,418.93,428.85,52106462
MSFT,2024-10-04,433.13,438.0,422.56,424.01,57414185
MSFT,2024-10-05,428.01,428.64,421.08,426.33,59994588
MSFT,2024-10-06,430.29,434.69,426.19,433.9,60905477
MSFT,2024-10-07,430.96,443.43,419.15,435.53,61878747
MSFT,2024-10-08,432.69,435.09,428.36,430.88,26449970
MSFT,2024-10-09,433.01,435.3,420.11,432.74,66213018
MSFT,2024-10-10,433.82,436.0,421.8,432.14,22558928
MSFT,2024-10-11,429.8,435.34,419.32,430.59,49265336
MSFT,2024-10-12,431.52,442.34,425.58,435.26,44106629
MSFT,2024-10-13,438.54,446.67,433.74,439.0,54331447
MSFT,2024-10-14,436.36,437.76,432.01,436.55,20812050
MSFT,2024-10-15,438.42,441.31,436.48,438.05,79073021
MSFT,2024-10-16,439.7,447.15,426.61,435.95,56910309
MSFT,2024-10-17,436.14,440.7,433.3,437.05,64290969
MSFT,2024-10-18,436.65,444.35,424.55,429.09,71884430
MSFT,2024-10-19,429.21,430.37,429.19,429.21,71151845
MSFT,2024-10-20,428.1,428.15,420.15,420.19,30047835
MSFT,2024-10-21,419.09,429.58,417.29,422.37,23679333
MSFT,2024-10-22,419.4,422.53,413.48,415.67,14812195
MSFT,2024-10-23,412.94,424.22,402.13,417.89,24608484
MSFT,2024-10-24,419.16,425.84,408.93,410.93,76768237
MSFT,2024-10-25,413.7,413.95,405.17,408.02,74428900
MSFT,2024-10-26,408.15,413.12,404.74,411.04,17514813
MSFT,2024-10-27,410.99,414.74,400.34,406.06,31580310
MSFT,2024-10-28,405.37,416.46,405.11,413.69,28189253
MSFT,2024-10-29,409.7,412.51,405.19,411.76,50250764
MSFT,2024-10-30,408.49,410.82,400.88,407.23,67690849
MSFT,2024-10-31,404.68,406.05,399.4,402.83,35321661
MSFT,2024-11-01,406.38,409.34,397.34,402.92,74819495
MSFT,2024-11-02,406.51,410.64,400.48,407.6,21938338
MSFT,2024-11-03,403.8,414.53,399.47,404.44,35291105
MSFT,2024-11-04,400.85,408.6,389.12,389.21,15247707
MSFT,2024-11-05,393.06,395.01,391.13,392.39,17238215
MSFT,2024-11-06,390.06,399.15,380.91,388.99,10013512
MSFT,2024-11-07,385.66,388.68,380.96,387.15,23934279
MSFT,2024-11-08,387.83,393.8,381.19,391.99,31022139
MSFT,2024-11-09,392.15,403.58,381.95,386.54,16242503
MSFT,2024-11-10,388.53,398.13,384.91,393.77,72990123
MSFT,2024-11-11,395.28,406.51,387.07,395.79,62127219
MSFT,2024-11-12,399.34,405.06,396.82,398.52,67834461
MSFT,2024-11-13,400.74,408.64,400.63,402.0,57454073
MSFT,2024-11-14,402.72,408.45,397.25,405.59,13396804
MSFT,2024-11-15,408.15,416.17,404.83,409.26,10228741
MSFT,2024-11-16,410.65,421.33,410.44,417.26,50899065
MSFT,2024-11-17,415.39,425.82,403.88,404.65,41988020
MSFT,2024-11-18,407.38,411.36,406.26,410.66,30243289
MSFT,2024-11-19,414.1,422.53,402.85,410.81,75496489
MSFT,2024-11-20,408.75,416.97,405.27,409.18,25394413
MSFT,2024-11-21,410.93,420.85,400.65,408.54,61339248
MSFT,2024-11-22,410.82,422.66,407.68,411.59,17136846
MSFT,2024-11-23,407.54,407.85,402.52,406.09,67246589
MSFT,2024-11-24,407.58,410.59,403.72,405.82,26804142
MSFT,2024-11-25,406.96,407.14,397.88,402.51,61400289
MSFT,2024-11-26,404.25,410.09,401.36,405.27,11227515
MSFT,2024-11-27,407.92,415.3,405.51,411.32,47953394
MSFT,2024-11-28,412.89,424.58,405.53,416.6,78197494
MSFT,2024-11-29,416.06,418.5,413.42,417.62,63056907
MSFT,2024-11-30,418.97,421.1,416.91,420.12,28295287
MSFT,2024-12-01,419.92,431.67,408.75,423.37,12385318
MSFT,2024-12-02,427.03,434.96,421.82,422.51,78758155
MSFT,2024-12-03,424.86,436.74,414.96,423.18,38170180
MSFT,2024-12-04,423.37,432.83,416.32,418.18,34371571
MSFT,2024-12-05,420.38,422.23,408.15,418.17,10676430
MSFT,2024-12-06,418.87,431.0,413.99,429.16,29193877
MSFT,2024-12-07,425.9,427.19,423.7,426.38,70882417
MSFT,2024-12-08,429.08,439.94,416.51,438.72,51454482
MSFT,2024-12-09,442.09,454.47,436.7,447.5,48764983
MSFT,2024-12-10,445.03,455.05,442.0,449.64,50218838
MSFT,2024-12-11,452.29,464.03,441.5,456.52,52191583
MSFT,2024-12-12,452.68,455.26,440.22,444.39,67622145
MSFT,2024-12-13,442.96,448.18,436.02,436.8,59254067
MSFT,2024-12-14,433.56,437.84,425.57,432.64,13106934
MSFT,2024-12-15,428.55,428.94,423.69,427.25,73765621
MSFT,2024-12-16,429.35,437.84,421.98,436.93,60966454
MSFT,2024-12-17,437.27,448.66,429.18,438.12,26529943
MSFT,2024-12-18,437.69,448.47,426.7,429.29,77072009
MSFT,2024-12-19,432.95,442.59,420.66,423.68,13912426
MSFT,2024-12-20,425.52,436.08,417.99,419.98,34351002
MSFT,2024-12-21,421.9,426.53,414.8,424.86,53712609
MSFT,2024-12-22,429.09,441.08,417.67,426.66,32237197
MSFT,2024-12-23,428.8,435.71,422.6,430.32,49879456
MSFT,2024-12-24,429.04,429.26,421.62,426.06,31657885
MSFT,2024-12-25,422.59,426.22,416.43,424.13,29738471
MSFT,2024-12-26,420.02,425.52,411.32,414.34,33638087
MSFT,2024-12-27,412.77,422.28,403.19,414.14,64501165
MSFT,2024-12-28,417.6,428.19,406.5,416.03,49144238
MSFT,2024-12-29,416.41,424.05,413.09,418.38,65355954
MSFT,2024-12-30,419.28,423.13,413.64,421.03,24109555
GOOGL,2024-01-01,164.89,165.6,162.41,162.89,40299159
GOOGL,2024-01-02,161.95,164.66,161.43,161.95,67243422
GOOGL,2024-01-03,162.76,164.83,158.01,159.48,40758187
GOOGL,2024-01-04,160.21,161.83,158.64,161.69,27848880
GOOGL,2024-01-05,161.4,161.87,160.2,160.87,29054273
GOOGL,2024-01-06,160.49,164.34,156.62,163.32,73834232
GOOGL,2024-01-07,162.68,164.85,161.93,164.64,75815667
GOOGL,2024-01-08,165.28,165.94,162.02,163.57,61642097
GOOGL,2024-01-09,164.92,169.46,164.29,166.44,12720896
GOOGL,2024-01-10,167.28,172.27,164.62,170.31,63235674
GOOGL,2024-01-11,169.88,173.81,167.13,169.35,72238449
GOOGL,2024-01-12,168.12,172.95,166.09,166.13,56875159
GOOGL,2024-01-13,164.85,165.81,162.6,162.63,77689125
GOOGL,2024-01-14,163.65,166.79,162.1,163.97,71286953
GOOGL,2024-01-15,163.01,163.62,160.07,163.54,31994350
GOOGL,2024-01-16,163.79,164.22,162.06,164.18,23920985
GOOGL,2024-01-17,164.03,167.66,162.53,163.8,10122174
GOOGL,2024-01-18,164.93,165.71,162.76,164.87,38688073
GOOGL,2024-01-19,166.21,168.97,161.73,163.53,40014515
GOOGL,2024-01-20,164.45,164.83,162.33,163.92,40675107
GOOGL,2024-01-21,164.2,168.81,161.59,163.29,32401027
GOOGL,2024-01-22,161.87,163.8,159.61,161.03,69787488
GOOGL,2024-01-23,160.7,162.32,159.26,159.46,30842583
GOOGL,2024-01-24,159.31,163.26,158.57,163.03,40675409
GOOGL,2024-01-25,163.93,165.85,163.14,163.42,43027577
GOOGL,2024-01-26,163.78,166.24,162.21,164.32,21673887
GOOGL,2024-01-27,163.1,164.06,160.53,163.31,23114574
GOOGL,2024-01-28,164.54,166.65,160.0,160.18,50320153
GOOGL,2024-01-29,161.35,165.01,157.48,157.54,26229245
GOOGL,2024-01-30,156.5,160.51,153.61,158.11,28535870
GOOGL,2024-01-31,158.6,163.31,157.91,162.2,32077908
GOOGL,2024-02-01,162.45,166.11,159.63,161.79,77137384
GOOGL,2024-02-02,162.3,162.78,157.63,161.67,26983921
GOOGL,2024-02-03,162.19,166.7,159.83,166.65,61374615
GOOGL,2024-02-04,165.04,167.17,162.23,164.25,53101869
GOOGL,2024-02-05,162.76,166.47,158.3,160.91,51646486
GOOGL,2024-02-06,160.5,163.9,155.83,158.76,75905119
GOOGL,2024-02-07,159.7,163.66,155.29,159.85,23799361
GOOGL,2024-02-08,158.75,162.62,157.22,158.12,22342478
GOOGL,2024-02-09,159.41,159.98,158.78,159.49,62927179
GOOGL,2024-02-10,159.38,163.75,156.7,162.95,60785039
GOOGL,2024-02-11,164.1,166.24,162.25,165.97,11743675
GOOGL,2024-02-12,166.4,166.65,164.37,164.54,43196157
GOOGL,2024-02-13,165.49,170.3,162.16,164.67,64831270
GOOGL,2024-02-14,165.51,167.1,164.76,164.83,79167291
GOOGL,2024-02-15,164.5,166.39,164.28,165.79,46040306
GOOGL,2024-02-16,164.9,168.93,164.66,167.04,19922295
GOOGL,2024-02-17,166.96,170.71,164.41,169.1,53314897
GOOGL,2024-02-18,169.17,169.22,167.62,168.92,42608755
GOOGL,2024-02-19,167.99,171.31,167.61,168.69,11461725
GOOGL,2024-02-20,168.17,168.28,166.2,168.05,48046190
GOOGL,2024-02-21,167.23,171.36,166.16,166.49,44049092
GOOGL,2024-02-22,167.31,169.77,165.01,165.59,67168000
GOOGL,2024-02-23,166.47,170.44,164.86,165.33,15025027
GOOGL,2024-02-24,163.87,166.56,161.16,164.41,47091730
GOOGL,2024-02-25,164.32,166.27,161.19,165.51,63669263
GOOGL,2024-02-26,165.4,169.15,160.63,164.12,70030558
GOOGL,2024-02-27,164.91,169.08,160.18,167.93,69434042
GOOGL,2024-02-28,169.51,169.89,168.65,168.78,33139962
GOOGL,2024-02-29,167.61,168.87,163.27,166.46,14459433
GOOGL,2024-03-01,166.39,167.49,165.51,166.73,45153305
GOOGL,2024-03-02,168.11,168.24,164.58,166.97,60385372
GOOGL,2024-03-03,168.54,172.91,166.89,169.63,10143057
GOOGL,2024-03-04,170.44,171.67,168.02,171.62,79093240
GOOGL,2024-03-05,170.8,172.39,170.79,171.8,75795682
GOOGL,2024-03-06,170.81,171.32,168.97,169.76,69311966
GOOGL,2024-03-07,169.87,174.66,168.2,174.6,21396938
GOOGL,2024-03-08,175.97,177.62,172.08,175.75,60778913
GOOGL,2024-03-09,176.69,179.44,175.11,175.31,74438957
GOOGL,2024-03-10,175.56,177.76,171.53,176.62,74425424
GOOGL,2024-03-11,177.51,181.23,176.29,177.58,63699992
GOOGL,2024-03-12,179.09,183.23,174.11,182.64,66895206
GOOGL,2024-03-13,182.53,185.74,178.56,179.3,52840557
GOOGL,2024-03-14,178.3,179.88,175.02,177.77,28954740
GOOGL,2024-03-15,177.51,180.84,172.66,174.09,76606496
GOOGL,2024-03-16,175.56,180.8,171.72,173.8,70929424
GOOGL,2024-03-17,175.11,178.84,172.57,177.54,36498629
GOOGL,2024-03-18,176.7,178.79,173.09,178.35,49068890
GOOGL,2024-03-19,177.74,179.95,175.25,175.89,40985761
GOOGL,2024-03-20,176.92,180.38,173.09,177.94,60389531
GOOGL,2024-03-21,177.99,181.68,176.84,177.17,63934793
GOOGL,2024-03-22,176.13,177.12,172.88,174.09,73972254
GOOGL,2024-03-23,172.8,175.84,172.57,175.18,32473062
GOOGL,2024-03-24,174.57,175.12,174.34,174.94,69827178
GOOGL,2024-03-25,173.34,175.73,172.18,172.21,56324809
GOOGL,2024-03-26,171.66,172.2,169.37,169.87,66577675
GOOGL,2024-03-27,170.62,172.93,166.13,169.02,78289993
GOOGL,2024-03-28,170.22,173.31,169.13,171.85,58801754
GOOGL,2024-03-29,170.32,171.95,167.49,170.9,61672378
GOOGL,2024-03-30,172.53,175.59,168.52,175.29,73150504
GOOGL,2024-03-31,175.04,175.52,174.47,174.95,59624956
GOOGL,2024-04-01,176.67,179.66,171.61,178.2,42322062
GOOGL,2024-04-02,176.83,178.44,173.19,175.55,33917811
GOOGL,2024-04-03,176.33,179.12,171.95,172.39,20527200
GOOGL,2024-04-04,172.77,173.78,170.14,172.54,58568237
GOOGL,2024-04-05,173.42,174.92,171.13,173.43,31594566
GOOGL,2024-04-06,174.21,178.34,171.25,177.51,58414887
GOOGL,2024-04-07,176.3,180.16,175.49,177.32,53070132
GOOGL,2024-04-08,177.05,179.32,176.07,177.9,28167348
GOOGL,2024-04-09,177.34,181.44,175.57,179.54,27075942
GOOGL,2024-04-10,178.87,180.1,175.19,177.53,52339128
GOOGL,2024-04-11,176.63,180.0,175.64,178.04,43203467
GOOGL,2024-04-12,179.19,180.25,178.45,180.07,23397430
GOOGL,2024-04-13,179.91,184.1,176.69,183.85,48554309
GOOGL,2024-04-14,182.42,186.04,177.61,181.28,59503547
GOOGL,2024-04-15,179.51,183.33,174.67,181.49,25250529
GOOGL,2024-04-16,179.88,180.56,175.81,178.05,71483800
GOOGL,2024-04-17,177.98,180.24,172.9,177.13,75518300
GOOGL,2024-04-18,176.8,179.07,176.51,177.83,24402375
GOOGL,2024-04-19,177.43,181.7,173.7,174.24,33448341
GOOGL,2024-04-20,175.24,178.39,173.4,175.11,43553482
GOOGL,2024-04-21,175.06,178.59,172.06,173.78,67644430
GOOGL,2024-04-22,173.7,178.91,173.29,175.84,55581556
GOOGL,2024-04-23,177.04,178.6,175.51,177.33,62118126
GOOGL,2024-04-24,176.89,180.89,171.9,172.33,47878201
GOOGL,2024-04-25,172.06,173.55,167.96,169.2,59907630
GOOGL,2024-04-26,168.92,172.53,168.05,168.17,41233557
GOOGL,2024-04-27,168.96,173.09,166.91,170.56,16769630
GOOGL,2024-04-28,169.85,169.88,166.75,167.32,66661149
GOOGL,2024-04-29,167.45,171.2,162.91,168.14,68119883
GOOGL,2024-04-30,167.51,171.56,163.45,167.92,51014284
GOOGL,2024-05-01,166.95,170.45,164.87,169.54,38073287
GOOGL,2024-05-02,170.83,174.02,170.15,173.87,26651247
GOOGL,2024-05-03,173.96,178.78,170.29,173.55,76519840
GOOGL,2024-05-04,175.14,179.74,170.53,171.81,34282803
GOOGL,2024-05-05,172.53,174.74,171.71,172.59,70878848
GOOGL,2024-05-06,172.62,176.18,171.7,171.72,18100616
GOOGL,2024-05-07,171.79,173.97,169.26,171.87,33651878
GOOGL,2024-05-08,170.58,173.25,167.66,171.87,14827200
GOOGL,2024-05-09,170.89,174.95,169.69,172.95,11903655
GOOGL,2024-05-10,172.92,173.49,171.15,171.33,56498111
GOOGL,2024-05-11,172.05,176.9,170.55,176.32,74967371
GOOGL,2024-05-12,176.01,181.17,172.4,176.08,25482573
GOOGL,2024-05-13,176.71,177.56,173.0,177.51,64383817
GOOGL,2024-05-14,177.31,180.33,176.68,179.24,18387815
GOOGL,2024-05-15,180.61,183.21,178.46,183.18,16571999
GOOGL,2024-05-16,181.39,181.43,178.32,179.13,16487775
GOOGL,2024-05-17,179.57,184.82,176.93,178.63,12575476
GOOGL,2024-05-18,177.27,179.45,174.96,176.89,25994921
GOOGL,2024-05-19,177.9,182.04,177.54,181.53,17708116
GOOGL,2024-05-20,181.81,185.67,180.93,181.94,71600123
GOOGL,2024-05-21,182.39,183.74,180.21,182.41,29487966
GOOGL,2024-05-22,181.61,184.43,179.58,180.53,36132196
GOOGL,2024-05-23,181.72,182.28,178.74,179.6,12750093
GOOGL,2024-05-24,178.14,179.82,173.48,177.74,26024369
GOOGL,2024-05-25,176.32,178.24,174.71,175.07,31476525
GOOGL,2024-05-26,175.67,178.1,174.39,177.33,45281530
GOOGL,2024-05-27,175.59,177.68,174.06,175.62,52772038
GOOGL,2024-05-28,174.31,176.08,172.84,175.06,11836390
GOOGL,2024-05-29,173.39,176.95,170.37,171.85,73450148
GOOGL,2024-05-30,171.53,171.7,168.95,169.47,18858235
GOOGL,2024-05-31,167.85,168.69,164.07,165.58,44448863
GOOGL,2024-06-01,164.53,169.23,163.15,166.91,61583260
GOOGL,2024-06-02,167.17,167.53,164.94,165.21,47043476
GOOGL,2024-06-03,164.73,166.48,162.71,164.05,36618920
GOOGL,2024-06-04,163.07,164.84,159.18,163.72,44392254
GOOGL,2024-06-05,163.25,166.41,160.75,164.04,46638551
GOOGL,2024-06-06,164.04,165.3,160.74,162.46,46236384
GOOGL,2024-06-07,162.09,163.42,158.76,159.65,49202383
GOOGL,2024-06-08,160.11,162.72,159.52,160.63,61090393
GOOGL,2024-06-09,161.96,164.3,157.15,159.39,31862154
GOOGL,2024-06-10,159.67,159.69,156.09,157.9,59164706
GOOGL,2024-06-11,156.42,158.91,155.65,156.65,56534788
GOOGL,2024-06-12,155.88,156.44,154.62,155.9,42413093
GOOGL,2024-06-13,154.46,157.1,154.33,156.9,43787687
GOOGL,2024-06-14,155.63,157.73,152.0,154.69,24217845
GOOGL,2024-06-15,155.73,156.73,152.12,154.85,10961547
GOOGL,2024-06-16,155.46,155.52,154.77,155.14,67705088
GOOGL,2024-06-17,154.16,157.94,149.67,151.54,65267680
GOOGL,2024-06-18,152.88,157.2,152.83,153.75,24625351
GOOGL,2024-06-19,153.68,154.73,151.41,153.89,54904616
GOOGL,2024-06-20,154.64,158.33,150.04,154.5,56802520
GOOGL,2024-06-21,155.85,159.4,151.81,155.44,23968628
GOOGL,2024-06-22,155.8,160.24,155.59,158.76,71641136
GOOGL,2024-06-23,159.05,161.75,155.19,159.93,72697014
GOOGL,2024-06-24,161.46,163.53,158.12,162.58,78847374
GOOGL,2024-06-25,161.04,162.43,159.27,160.41,43849757
GOOGL,2024-06-26,159.5,162.77,157.66,160.45,43670548
GOOGL,2024-06-27,160.6,161.62,159.14,160.87,12669757
GOOGL,2024-06-28,159.97,162.01,156.21,157.78,70824479
GOOGL,2024-06-29,158.25,162.83,156.67,158.37,78053257
GOOGL,2024-06-30,159.68,160.79,159.21,159.62,75756994
GOOGL,2024-07-01,158.86,162.52,155.85,160.8,12365149
GOOGL,2024-07-02,162.07,165.28,159.9,164.96,35144304
GOOGL,2024-07-03,165.11,165.34,160.79,164.82,17522208
GOOGL,2024-07-04,165.35,168.42,163.79,164.96,39247917
GOOGL,2024-07-05,165.76,167.27,161.33,167.06,60630226
GOOGL,2024-07-06,167.38,171.4,166.48,170.22,60827771
GOOGL,2024-07-07,169.44,172.19,167.17,167.84,51399250
GOOGL,2024-07-08,169.17,171.3,165.77,169.37,64983904
GOOGL,2024-07-09,170.81,174.18,166.89,171.21,37258119
GOOGL,2024-07-10,172.19,174.16,168.64,172.21,75695497
GOOGL,2024-07-11,173.36,176.28,169.21,170.88,31112151
GOOGL,2024-07-12,170.83,175.4,165.79,167.22,61028441
GOOGL,2024-07-13,166.63,167.6,166.08,166.78,57777622
GOOGL,2024-07-14,166.47,168.49,162.56,167.3,47614047
GOOGL,2024-07-15,166.19,169.33,163.14,163.86,54014140
GOOGL,2024-07-16,164.59,166.44,159.82,165.15,63664740
GOOGL,2024-07-17,164.19,166.23,163.22,165.02,56826608
GOOGL,2024-07-18,163.75,165.07,161.61,161.66,48604142
GOOGL,2024-07-19,160.66,163.07,156.83,158.51,44958979
GOOGL,2024-07-20,159.73,161.76,159.24,161.49,16179342
GOOGL,2024-07-21,160.48,164.1,156.23,162.77,79190339
GOOGL,2024-07-22,162.67,165.17,161.82,165.05,54603303
GOOGL,2024-07-23,165.03,168.36,162.52,166.38,59539823
GOOGL,2024-07-24,164.77,165.49,162.55,164.06,45635556
GOOGL,2024-07-25,164.78,167.1,160.17,161.6,69274947
GOOGL,2024-07-26,161.09,165.55,158.2,162.1,43885730
GOOGL,2024-07-27,161.88,162.26,160.48,161.42,22698457
GOOGL,2024-07-28,161.05,162.81,158.46,160.67,35345724
GOOGL,2024-07-29,161.44,163.1,157.2,158.05,41376313
GOOGL,2024-07-30,158.46,161.25,155.0,160.67,39482848
GOOGL,2024-07-31,161.24,164.84,159.01,161.63,67083847
GOOGL,2024-08-01,162.6,167.4,162.14,163.56,33813265
GOOGL,2024-08-02,162.14,162.83,157.8,160.94,51441856
GOOGL,2024-08-03,160.91,161.6,157.06,160.34,73963790
GOOGL,2024-08-04,159.17,161.31,155.77,161.24,29002577
GOOGL,2024-08-05,160.62,162.44,157.84,160.33,43753176
GOOGL,2024-08-06,159.85,160.66,156.18,157.07,10143372
GOOGL,2024-08-07,158.04,159.69,157.86,158.47,18206778
GOOGL,2024-08-08,158.63,161.57,154.6,154.66,23111605
GOOGL,2024-08-09,153.85,154.94,152.04,154.73,38359146
GOOGL,2024-08-10,155.74,160.32,154.87,159.76,21454087
GOOGL,2024-08-11,159.99,164.61,156.7,163.63,29585577
GOOGL,2024-08-12,164.32,165.55,162.9,163.6,23396815
GOOGL,2024-08-13,164.0,167.25,159.53,160.24,74239199
GOOGL,2024-08-14,160.7,162.5,158.36,161.93,55635645
GOOGL,2024-08-15,161.11,165.26,156.77,157.15,46203977
GOOGL,2024-08-16,157.43,160.35,153.99,158.59,75872285
GOOGL,2024-08-17,159.39,159.5,156.03,157.34,39035643
GOOGL,2024-08-18,156.56,159.4,154.99,155.14,67993310
GOOGL,2024-08-19,154.56,155.55,152.8,155.29,31861622
GOOGL,2024-08-20,154.62,154.98,154.38,154.44,62245598
GOOGL,2024-08-21,154.18,155.84,150.87,152.45,40508819
GOOGL,2024-08-22,151.89,153.6,149.89,153.31,28399830
GOOGL,2024-08-23,154.83,156.89,152.99,154.22,76538796
GOOGL,2024-08-24,155.22,159.73,152.66,153.55,63111163
GOOGL,2024-08-25,152.72,155.26,150.87,152.6,35611324
GOOGL,2024-08-26,152.87,155.55,149.25,151.23,29263246
GOOGL,2024-08-27,151.45,153.79,147.82,149.88,21097025
GOOGL,2024-08-28,148.63,148.77,146.9,148.51,72242146
GOOGL,2024-08-29,147.19,147.54,143.98,144.53,18831428
GOOGL,2024-08-30,143.57,147.13,141.0,144.77,77013922
GOOGL,2024-08-31,144.86,148.44,144.27,147.27,22303378
GOOGL,2024-09-01,147.49,148.89,143.15,146.57,72465760
GOOGL,2024-09-02,145.47,145.56,143.7,143.97,43940953
GOOGL,2024-09-03,143.78,146.66,142.01,144.11,39698735
GOOGL,2024-09-04,143.8,144.1,142.46,143.21,39676340
GOOGL,2024-09-05,144.32,146.44,142.55,145.71,54927611
GOOGL,2024-09-06,146.67,148.28,143.63,145.88,71333967
GOOGL,2024-09-07,146.07,148.89,143.68,147.31,15857102
GOOGL,2024-09-08,147.35,148.77,147.19,147.5,37278931
GOOGL,2024-09-09,146.58,150.65,143.6,144.03,63196587
GOOGL,2024-09-10,145.26,146.34,142.19,144.61,79875261
GOOGL,2024-09-11,144.47,148.4,140.18,145.32,64594057
GOOGL,2024-09-12,144.53,144.65,141.67,144.58,61376682
GOOGL,2024-09-13,144.21,147.87,140.87,143.46,34883684
GOOGL,2024-09-14,144.79,145.49,144.51,145.39,58105273
GOOGL,2024-09-15,144.02,147.74,141.25,143.23,18408353
GOOGL,2024-09-16,144.24,144.98,143.23,144.18,68849631
GOOGL,2024-09-17,143.64,146.76,142.64,146.41,31376819
GOOGL,2024-09-18,147.03,147.72,146.44,146.9,41288553
GOOGL,2024-09-19,147.78,151.0,144.69,149.53,60143031
GOOGL,2024-09-20,148.18,152.03,145.94,149.21,76822523
GOOGL,2024-09-21,149.38,153.51,147.94,150.4,28764598
GOOGL,2024-09-22,151.16,153.31,150.82,151.99,33360301
GOOGL,2024-09-23,151.42,153.33,147.66,149.54,15019508
GOOGL,2024-09-24,150.02,150.19,146.02,146.34,53338770
GOOGL,2024-09-25,147.36,149.22,143.42,146.75,55274450
GOOGL,2024-09-26,146.37,150.76,143.17,143.71,37262952
GOOGL,2024-09-27,143.02,147.02,141.64,142.44,50088325
GOOGL,2024-09-28,142.07,144.74,139.43,142.81,76086132
GOOGL,2024-09-29,142.65,142.96,140.82,142.9,34830807
GOOGL,2024-09-30,141.61,145.04,139.03,139.94,44818758
GOOGL,2024-10-01,138.7,141.69,138.29,138.52,60309908
GOOGL,2024-10-02,138.35,142.48,134.72,142.3,22955078
GOOGL,2024-10-03,142.37,144.8,138.59,139.01,17010274
GOOGL,2024-10-04,138.11,140.39,136.13,138.51,41653238
GOOGL,2024-10-05,138.76,139.94,134.8,135.29,20008533
GOOGL,2024-10-06,134.77,136.14,132.14,132.52,38174145
GOOGL,2024-10-07,132.8,135.08,131.13,131.58,73925472
GOOGL,2024-10-08,130.51,130.84,128.72,128.77,15688963
GOOGL,2024-10-09,128.18,128.48,127.35,127.89,39694619
GOOGL,2024-10-10,127.27,129.35,126.35,127.04,21301597
GOOGL,2024-10-11,126.87,130.04,124.57,129.25,29492280
GOOGL,2024-10-12,129.48,130.96,128.46,130.29,42117946
GOOGL,2024-10-13,129.11,130.35,127.23,129.55,39731565
GOOGL,2024-10-14,128.58,129.68,127.69,127.76,68343494
GOOGL,2024-10-15,127.65,129.94,124.76,128.25,59549970
GOOGL,2024-10-16,127.33,130.31,123.76,125.78,25490720
GOOGL,2024-10-17,126.42,128.37,123.18,125.76,38736225
GOOGL,2024-10-18,126.47,127.64,125.6,125.96,59151504
GOOGL,2024-10-19,124.89,125.53,123.0,123.21,69881451
GOOGL,2024-10-20,124.01,125.67,123.58,124.35,31271666
GOOGL,2024-10-21,124.87,126.58,121.28,125.37,42195126
GOOGL,2024-10-22,124.37,124.6,120.93,122.4,71970875
GOOGL,2024-10-23,122.87,124.74,119.65,121.15,69326634
GOOGL,2024-10-24,120.42,121.21,117.13,117.25,70685487
GOOGL,2024-10-25,116.9,120.09,114.41,118.1,24162224
GOOGL,2024-10-26,117.25,120.32,117.25,120.15,14184459
GOOGL,2024-10-27,121.2,123.97,117.77,120.66,31129411
GOOGL,2024-10-28,119.5,121.83,119.07,119.14,13808260
GOOGL,2024-10-29,118.06,118.19,115.1,117.46,59675193
GOOGL,2024-10-30,117.29,119.13,114.14,114.57,28728645
GOOGL,2024-10-31,114.55,114.79,113.84,114.11,32660808
GOOGL,2024-11-01,114.33,114.86,114.1,114.8,32530349
GOOGL,2024-11-02,113.76,115.96,112.1,114.98,60232377
GOOGL,2024-11-03,113.83,114.06,113.11,113.98,27282099
GOOGL,2024-11-04,113.8,116.34,111.84,114.07,47991067
GOOGL,2024-11-05,113.69,113.73,113.12,113.53,17204429
GOOGL,2024-11-06,114.06,115.27,112.22,112.69,51665330
GOOGL,2024-11-07,113.08,114.04,110.84,111.69,51066151
GOOGL,2024-11-08,111.92,112.75,108.7,111.11,53235362
GOOGL,2024-11-09,111.29,111.33,109.06,110.89,57948287
GOOGL,2024-11-10,109.81,110.06,106.97,108.03,41034825
GOOGL,2024-11-11,107.49,110.01,105.55,109.05,28593425
GOOGL,2024-11-12,108.9,111.89,108.46,108.67,37924823
GOOGL,2024-11-13,109.02,111.48,107.46,109.66,57916250
GOOGL,2024-11-14,110.26,110.66,107.82,109.74,24143403
GOOGL,2024-11-15,109.58,111.61,106.83,110.5,49240478
GOOGL,2024-11-16,109.59,110.57,107.12,109.81,23705917
GOOGL,2024-11-17,109.01,112.26,106.85,111.27,65370800
GOOGL,2024-11-18,111.42,113.56,111.23,112.85,30669034
GOOGL,2024-11-19,111.82,111.98,110.68,111.82,70216988
GOOGL,2024-11-20,112.45,113.68,112.06,112.9,23381438
GOOGL,2024-11-21,112.11,115.42,110.81,111.4,71697651
GOOGL,2024-11-22,110.74,112.4,110.05,112.13,46288015
GOOGL,2024-11-23,113.13,114.75,112.58,114.55,33655481
GOOGL,2024-11-24,113.85,115.97,111.58,112.62,44176175
GOOGL,2024-11-25,113.41,114.12,110.7,111.74,66547037
GOOGL,2024-11-26,111.85,113.59,110.03,112.23,48832902
GOOGL,2024-11-27,112.02,113.49,108.84,111.23,30561847
GOOGL,2024-11-28,111.89,112.36,109.28,111.52,31430847
GOOGL,2024-11-29,110.54,111.64,108.68,109.08,62472381
GOOGL,2024-11-30,109.12,110.87,107.66,110.3,15753995
GOOGL,2024-12-01,110.62,113.02,109.2,110.45,66557612
GOOGL,2024-12-02,111.18,114.01,108.01,110.27,18606031
GOOGL,2024-12-03,111.33,114.03,110.0,113.7,72963263
GOOGL,2024-12-04,113.36,116.26,111.8,114.71,69858285
GOOGL,2024-12-05,113.59,115.12,111.24,115.09,35488151
GOOGL,2024-12-06,113.94,114.85,110.86,113.66,42091314
GOOGL,2024-12-07,113.7,115.9,110.6,115.77,26592567
GOOGL,2024-12-08,115.04,117.64,113.33,116.88,34100705
GOOGL,2024-12-09,116.79,118.69,113.74,114.16,37476334
GOOGL,2024-12-10,113.41,116.75,110.37,111.26,29617311
GOOGL,2024-12-11,112.07,113.46,111.08,113.25,60149392
GOOGL,2024-12-12,112.6,113.59,112.01,113.06,58620873
GOOGL,2024-12-13,114.09,115.73,112.19,114.23,61555291
GOOGL,2024-12-14,115.31,118.07,112.52,114.04,79668221
GOOGL,2024-12-15,114.22,114.41,113.75,113.98,40312727
GOOGL,2024-12-16,113.93,115.9,111.08,113.36,77844576
GOOGL,2024-12-17,112.78,113.75,109.88,112.42,77188753
GOOGL,2024-12-18,111.53,112.85,108.71,112.59,33862280
GOOGL,2024-12-19,112.07,112.62,110.67,111.51,47850083
GOOGL,2024-12-20,112.32,114.19,111.55,112.77,39028275
GOOGL,2024-12-21,112.51,114.43,111.01,113.92,33445740
GOOGL,2024-12-22,112.84,113.52,110.8,111.34,40322849
GOOGL,2024-12-23,111.5,111.83,108.26,108.27,25198537
GOOGL,2024-12-24,107.42,108.78,107.3,107.69,73672560
GOOGL,2024-12-25,107.64,109.76,105.91,107.44,33076828
GOOGL,2024-12-26,106.9,108.77,103.9,106.11,32881194
GOOGL,2024-12-27,106.57,109.14,103.94,105.51,51590087
GOOGL,2024-12-28,104.55,106.55,103.08,104.39,17525801
GOOGL,2024-12-29,103.99,105.72,102.16,103.87,76740445
GOOGL,2024-12-30,104.45,105.39,101.75,104.25,42274152
AMZN,2024-01-01,186.36,188.78,183.91,184.1,79948862
AMZN,2024-01-02,183.07,185.97,179.7,181.63,24069893
AMZN,2024-01-03,182.72,183.12,179.04,180.22,22581529
AMZN,2024-01-04,178.44,181.7,176.55,179.85,52468184
AMZN,2024-01-05,181.24,186.55,179.65,181.24,53125899
AMZN,2024-01-06,182.4,183.35,182.22,183.33,24363281
AMZN,2024-01-07,184.44,189.51,180.93,183.82,13733943
AMZN,2024-01-08,183.67,187.95,180.25,182.06,44942089
AMZN,2024-01-09,180.39,180.45,177.93,178.87,48952793
AMZN,2024-01-10,177.73,181.63,176.32,179.05,59701718
AMZN,2024-01-11,178.73,183.54,176.86,179.96,34684903
AMZN,2024-01-12,180.45,184.08,178.37,180.54,70346338
AMZN,2024-01-13,179.22,183.12,177.04,177.15,63492872
AMZN,2024-01-14,178.72,179.65,173.86,176.92,17482525
AMZN,2024-01-15,177.42,181.12,177.2,179.04,33961170
AMZN,2024-01-16,179.41,184.38,177.85,181.08,64805449
AMZN,2024-01-17,179.31,181.81,177.08,178.23,72760985
AMZN,2024-01-18,177.95,182.42,176.42,177.33,34609584
AMZN,2024-01-19,176.81,181.28,173.24,179.65,41986350
AMZN,2024-01-20,178.64,182.99,174.91,177.08,60072324
AMZN,2024-01-21,178.6,178.74,173.71,178.3,24947253
AMZN,2024-01-22,179.28,182.01,178.67,180.11,19484120
AMZN,2024-01-23,180.27,184.87,175.45,178.94,11233501
AMZN,2024-01-24,177.97,181.69,174.92,179.83,35583747
AMZN,2024-01-25,180.46,184.84,177.9,181.65,79759777
AMZN,2024-01-26,180.72,182.06,175.87,178.97,17986408
AMZN,2024-01-27,177.69,179.06,173.78,178.44,37336039
AMZN,2024-01-28,177.63,178.5,175.16,176.73,62961337
AMZN,2024-01-29,178.11,179.53,173.89,175.44,79402936
AMZN,2024-01-30,176.55,179.73,175.61,176.04,50506365
AMZN,2024-01-31,177.05,181.97,174.75,175.38,76327462
AMZN,2024-02-01,176.05,180.15,172.0,175.39,64782352
AMZN,2024-02-02,173.76,176.24,172.79,175.87,58768464
AMZN,2024-02-03,175.52,175.59,174.92,174.93,64547468
AMZN,2024-02-04,175.11,178.33,170.28,171.61,31586904
AMZN,2024-02-05,172.89,175.31,172.39,175.27,17740769
AMZN,2024-02-06,176.77,177.9,173.93,174.36,77043114
AMZN,2024-02-07,172.95,177.13,171.46,176.06,68267250
AMZN,2024-02-08,177.54,178.23,173.83,174.07,46512726
AMZN,2024-02-09,175.03,176.88,172.06,175.78,78101759
AMZN,2024-02-10,174.21,174.64,169.63,173.91,73011042
AMZN,2024-02-11,174.1,174.64,171.57,172.01,14352463
AMZN,2024-02-12,173.54,177.23,168.59,172.41,20028083
AMZN,2024-02-13,171.0,172.24,169.51,171.81,27025605
AMZN,2024-02-14,171.95,173.78,171.1,172.24,11624619
AMZN,2024-02-15,171.0,174.59,170.42,172.63,72241678
AMZN,2024-02-16,170.94,175.2,167.62,168.84,41880549
AMZN,2024-02-17,169.71,173.65,166.68,172.03,62387775
AMZN,2024-02-18,172.98,175.96,170.81,170.88,32255931
AMZN,2024-02-19,171.5,174.6,171.44,172.35,61997428
AMZN,2024-02-20,173.71,177.71,172.31,174.57,13398827
AMZN,2024-02-21,174.23,176.84,170.59,171.35,58761694
AMZN,2024-02-22,170.19,174.62,167.54,169.69,75435117
AMZN,2024-02-23,169.94,171.55,168.36,170.52,33715083
AMZN,2024-02-24,168.83,170.25,163.82,170.11,41396837
AMZN,2024-02-25,170.0,175.02,165.04,173.61,46689877
AMZN,2024-02-26,172.24,175.88,167.92,170.25,48852564
AMZN,2024-02-27,169.66,173.45,168.53,169.86,67101779
AMZN,2024-02-28,169.62,171.05,166.35,169.29,62033103
AMZN,2024-02-29,168.39,172.02,167.12,168.46,57939376
AMZN,2024-03-01,168.77,171.94,165.42,168.38,50459116
AMZN,2024-03-02,170.03,170.1,167.5,169.62,23228559
AMZN,2024-03-03,170.55,172.04,167.68,167.91,76850109
AMZN,2024-03-04,167.64,171.7,164.33,171.04,73996189
AMZN,2024-03-05,169.62,173.53,169.21,172.74,66666143
AMZN,2024-03-06,173.97,175.69,173.46,175.22,42374028
AMZN,2024-03-07,175.32,180.22,170.71,177.77,70525914
AMZN,2024-03-08,179.24,180.28,174.02,179.12,18279617
AMZN,2024-03-09,179.54,179.6,179.06,179.27,25498163
AMZN,2024-03-10,180.44,185.63,177.35,180.48,71413759
AMZN,2024-03-11,179.99,184.28,178.93,183.33,19625233
AMZN,2024-03-12,182.17,185.42,176.72,184.37,50195105
AMZN,2024-03-13,185.05,185.17,182.99,183.52,35250414
AMZN,2024-03-14,183.15,187.37,178.87,183.52,16169257
AMZN,2024-03-15,184.86,188.0,180.1,187.13,39617022
AMZN,2024-03-16,186.42,190.16,183.24,186.12,60583671
AMZN,2024-03-17,187.9,188.96,186.11,186.25,10503685
AMZN,2024-03-18,186.26,191.26,182.04,186.98,62539348
AMZN,2024-03-19,186.66,192.11,186.02,189.59,11903043
AMZN,2024-03-20,190.51,195.55,186.77,191.47,10663923
AMZN,2024-03-21,190.89,192.37,185.56,187.83,34108643
AMZN,2024-03-22,185.98,188.39,181.26,185.81,47196888
AMZN,2024-03-23,184.36,185.11,179.13,181.61,58900251
AMZN,2024-03-24,180.7,184.34,176.59,182.91,10887800
AMZN,2024-03-25,182.97,185.34,181.53,183.03,58177702
AMZN,2024-03-26,182.71,182.95,179.65,182.28,72784061
AMZN,2024-03-27,183.43,184.78,180.58,181.38,73129904
AMZN,2024-03-28,183.0,185.98,178.73,178.87,73299705
AMZN,2024-03-29,180.28,184.32,176.11,183.84,29859095
AMZN,2024-03-30,185.13,190.22,181.09,187.17,48156351
AMZN,2024-03-31,185.74,189.01,182.04,183.88,31253192
AMZN,2024-04-01,184.57,189.34,182.2,188.22,43922246
AMZN,2024-04-02,187.99,188.34,184.85,186.23,20979024
AMZN,2024-04-03,185.57,186.35,184.17,185.54,24249539
AMZN,2024-04-04,185.7,187.17,182.33,184.04,60640507
AMZN,2024-04-05,182.84,183.04,177.51,181.41,20279559
AMZN,2024-04-06,179.85,180.53,175.59,177.1,34059286
AMZN,2024-04-07,175.74,175.87,175.6,175.67,72834890
AMZN,2024-04-08,176.8,178.09,173.68,174.76,32287370
AMZN,2024-04-09,173.5,177.16,168.83,170.4,25116154
AMZN,2024-04-10,170.36,171.01,167.21,168.15,36335399
AMZN,2024-04-11,168.09,169.71,163.11,163.48,19595705
AMZN,2024-04-12,163.13,165.61,162.59,164.72,41280483
AMZN,2024-04-13,166.25,166.4,165.21,165.54,37873439
AMZN,2024-04-14,165.03,166.02,163.58,165.39,57650416
AMZN,2024-04-15,164.02,164.07,161.25,161.8,55486790
AMZN,2024-04-16,161.83,162.03,158.06,160.9,66437456
AMZN,2024-04-17,160.61,162.5,156.57,158.26,66822327
AMZN,2024-04-18,157.94,158.02,157.7,157.72,77586039
AMZN,2024-04-19,157.48,159.16,153.32,157.21,18420501
AMZN,2024-04-20,156.19,158.02,153.21,154.16,18213348
AMZN,2024-04-21,153.34,154.85,151.41,151.84,21664822
AMZN,2024-04-22,152.5,156.45,149.78,150.41,74875748
AMZN,2024-04-23,150.41,152.83,146.01,149.04,44403713
AMZN,2024-04-24,149.44,153.9,147.84,148.66,65757693
AMZN,2024-04-25,149.76,153.11,149.52,149.73,50788876
AMZN,2024-04-26,150.83,152.53,148.59,150.45,60276230
AMZN,2024-04-27,150.31,152.94,149.35,151.74,64133451
AMZN,2024-04-28,151.3,154.9,150.18,150.22,34980575
AMZN,2024-04-29,150.75,153.38,146.53,151.45,46866297
AMZN,2024-04-30,151.86,154.84,147.94,149.73,36154151
AMZN,2024-05-01,148.28,150.77,143.99,145.93,28754514
AMZN,2024-05-02,146.41,147.54,145.37,146.16,78690945
AMZN,2024-05-03,147.35,150.26,143.74,149.8,72942056
AMZN,2024-05-04,149.25,151.79,147.0,148.16,10189537
AMZN,2024-05-05,147.55,150.2,143.47,144.39,21570897
AMZN,2024-05-06,143.6,146.18,140.85,145.43,45150536
AMZN,2024-05-07,144.93,145.97,142.71,145.08,79064922
AMZN,2024-05-08,145.16,145.62,141.26,145.09,31274316
AMZN,2024-05-09,144.41,145.37,141.87,142.97,74867844
AMZN,2024-05-10,143.92,144.59,142.56,143.12,63561024
AMZN,2024-05-11,142.6,145.75,141.22,141.69,37041443
AMZN,2024-05-12,140.53,144.54,139.56,142.81,64031134
AMZN,2024-05-13,141.96,145.4,141.46,144.78,45040705
AMZN,2024-05-14,143.92,146.32,143.39,143.44,33843395
AMZN,2024-05-15,143.97,148.29,139.93,147.02,10964158
AMZN,2024-05-16,147.4,148.88,145.07,148.71,16732898
AMZN,2024-05-17,149.92,153.43,146.59,148.18,62805554
AMZN,2024-05-18,147.38,150.01,146.82,147.41,66951425
AMZN,2024-05-19,148.37,149.23,146.54,147.77,42991547
AMZN,2024-05-20,148.46,150.47,146.57,147.43,57188723
AMZN,2024-05-21,148.74,152.56,146.09,148.07,63862585
AMZN,2024-05-22,146.62,147.63,142.8,147.08,22253150
AMZN,2024-05-23,146.78,148.73,145.31,146.35,74016264
AMZN,2024-05-24,147.43,149.19,145.33,148.7,74212134
AMZN,2024-05-25,148.22,151.89,145.26,148.98,28799473
AMZN,2024-05-26,147.91,148.4,147.33,148.07,72044441
AMZN,2024-05-27,147.08,150.05,143.59,143.71,54031817
AMZN,2024-05-28,142.45,146.03,139.17,140.58,72240414
AMZN,2024-05-29,139.8,143.02,136.57,136.57,29681630
AMZN,2024-05-30,135.84,137.65,134.55,136.47,26524316
AMZN,2024-05-31,137.27,139.96,134.55,136.05,27484489
AMZN,2024-06-01,136.43,138.69,132.88,137.52,50850642
AMZN,2024-06-02,137.18,137.43,133.23,136.76,14417704
AMZN,2024-06-03,137.85,140.05,137.11,139.15,24323662
AMZN,2024-06-04,139.32,141.32,136.52,139.62,50050292
AMZN,2024-06-05,139.39,140.74,136.83,138.57,17467734
AMZN,2024-06-06,137.87,140.49,137.82,138.91,41291844
AMZN,2024-06-07,139.22,141.7,137.6,138.18,20811364
AMZN,2024-06-08,137.81,138.18,137.22,137.77,47972821
AMZN,2024-06-09,138.88,140.87,135.33,138.23,36119714
AMZN,2024-06-10,137.93,140.0,136.41,137.45,44305258
AMZN,2024-06-11,138.3,141.81,135.05,135.71,36385632
AMZN,2024-06-12,136.08,137.97,132.11,134.87,44247943
AMZN,2024-06-13,135.22,138.62,133.6,136.79,50427922
AMZN,2024-06-14,135.77,139.81,131.88,135.84,66135163
AMZN,2024-06-15,134.88,136.23,133.4,134.09,42207214
AMZN,2024-06-16,134.98,138.97,132.3,138.22,37734041
AMZN,2024-06-17,138.07,141.79,136.75,138.3,15138541
AMZN,2024-06-18,138.77,139.05,136.31,137.53,13699761
AMZN,2024-06-19,137.39,141.18,137.09,139.07,67295379
AMZN,2024-06-20,138.22,141.21,134.67,136.85,26059182
AMZN,2024-06-21,138.09,140.48,134.36,134.41,48731725
AMZN,2024-06-22,133.39,137.1,131.7,131.87,61826927
AMZN,2024-06-23,132.04,135.86,128.72,132.95,54293024
AMZN,2024-06-24,132.85,134.02,129.77,133.38,68943392
AMZN,2024-06-25,132.78,134.3,129.87,131.45,31240352
AMZN,2024-06-26,131.67,134.08,127.86,131.46,29781985
AMZN,2024-06-27,131.14,133.66,130.4,131.0,21322717
AMZN,2024-06-28,129.83,130.19,127.45,128.08,30045276
AMZN,2024-06-29,128.65,128.76,124.93,125.53,79596705
AMZN,2024-06-30,125.64,126.35,124.83,125.47,51788670
AMZN,2024-07-01,124.98,126.03,122.6,124.49,63225136
AMZN,2024-07-02,124.67,127.46,122.71,122.84,65863815
AMZN,2024-07-03,122.11,125.53,119.49,124.25,62314825
AMZN,2024-07-04,125.27,126.94,122.34,123.68,79723206
AMZN,2024-07-05,123.5,125.26,123.34,123.87,39253372
AMZN,2024-07-06,124.57,128.27,123.79,124.93,53693479
AMZN,2024-07-07,123.87,126.61,123.41,125.94,53108967
AMZN,2024-07-08,126.14,127.1,122.73,125.67,45595310
AMZN,2024-07-09,125.68,126.5,123.95,124.15,60735660
AMZN,2024-07-10,125.2,127.17,123.1,126.2,68318961
AMZN,2024-07-11,127.08,129.79,125.56,127.66,63576832
AMZN,2024-07-12,128.72,130.43,126.08,126.39,69782548
AMZN,2024-07-13,127.51,129.08,125.2,127.44,21238743
AMZN,2024-07-14,127.82,130.93,125.23,127.4,54242841
AMZN,2024-07-15,128.19,131.57,128.04,128.83,28648652
AMZN,2024-07-16,129.75,132.99,127.2,132.7,73724376
AMZN,2024-07-17,131.5,133.66,130.13,131.26,69790783
AMZN,2024-07-18,130.62,132.94,129.3,129.41,45855879
AMZN,2024-07-19,128.18,130.91,127.0,129.44,30516202
AMZN,2024-07-20,128.56,129.31,126.14,129.15,57722796
AMZN,2024-07-21,128.32,130.4,125.19,125.58,42342676
AMZN,2024-07-22,126.33,129.83,125.79,126.24,25327127
AMZN,2024-07-23,126.99,129.46,124.68,129.37,63270028
AMZN,2024-07-24,129.68,132.25,129.11,131.24,32227552
AMZN,2024-07-25,131.13,133.47,130.66,131.27,34946305
AMZN,2024-07-26,130.18,132.32,129.96,130.36,61388401
AMZN,2024-07-27,130.53,131.27,130.09,130.43,47516944
AMZN,2024-07-28,131.1,131.42,129.39,130.3,30865104
AMZN,2024-07-29,129.8,130.15,128.66,128.89,36767206
AMZN,2024-07-30,127.65,131.01,125.83,130.04,78768890
AMZN,2024-07-31,128.97,129.23,126.51,129.08,62074493
AMZN,2024-08-01,129.18,131.34,125.43,130.8,71947911
AMZN,2024-08-02,129.75,131.72,128.04,129.12,56918908
AMZN,2024-08-03,128.73,128.85,128.5,128.83,76463874
AMZN,2024-08-04,128.04,130.15,127.48,127.97,77967791
AMZN,2024-08-05,127.69,129.67,127.67,128.05,10131566
AMZN,2024-08-06,128.74,130.39,125.37,126.99,59261896
AMZN,2024-08-07,126.7,129.91,125.45,129.02,25779424
AMZN,2024-08-08,129.04,131.54,125.66,130.43,67199604
AMZN,2024-08-09,131.2,133.65,130.38,132.65,57838567
AMZN,2024-08-10,133.9,137.64,130.29,135.39,12783071
AMZN,2024-08-11,136.38,140.1,135.34,136.91,54066880
AMZN,2024-08-12,135.96,139.33,134.66,137.8,29629261
AMZN,2024-08-13,137.32,140.2,137.08,140.14,62597116
AMZN,2024-08-14,140.07,144.12,138.24,139.26,67666572
AMZN,2024-08-15,139.31,141.87,136.98,140.93,58427702
AMZN,2024-08-16,140.87,143.95,139.09,141.42,54997511
AMZN,2024-08-17,142.53,145.61,139.52,140.26,51467443
AMZN,2024-08-18,139.98,140.79,138.44,140.54,16170163
AMZN,2024-08-19,140.51,140.58,136.61,138.81,66760434
AMZN,2024-08-20,139.7,141.43,138.94,140.21,55089095
AMZN,2024-08-21,141.57,145.24,141.17,144.37,78611144
AMZN,2024-08-22,144.03,147.22,140.29,143.62,33591781
AMZN,2024-08-23,143.67,147.17,142.7,145.23,23635119
AMZN,2024-08-24,144.05,145.66,141.7,144.21,38206858
AMZN,2024-08-25,143.73,145.25,141.52,144.8,22735066
AMZN,2024-08-26,145.94,149.86,144.43,147.82,26598427
AMZN,2024-08-27,147.76,150.96,147.16,149.36,14839595
AMZN,2024-08-28,150.28,151.99,149.29,150.67,72176030
AMZN,2024-08-29,151.09,153.54,146.97,150.81,36944258
AMZN,2024-08-30,149.73,153.02,147.23,148.33,71691690
AMZN,2024-08-31,149.54,152.0,147.47,151.36,17638145
AMZN,2024-09-01,149.85,150.3,147.2,148.8,45370668
AMZN,2024-09-02,147.82,151.96,144.64,147.45,40388170
AMZN,2024-09-03,146.66,150.36,146.63,147.85,58549966
AMZN,2024-09-04,148.65,151.1,147.84,148.32,25361599
AMZN,2024-09-05,149.8,153.28,146.2,150.92,77738838
AMZN,2024-09-06,151.42,155.56,151.01,153.14,16056124
AMZN,2024-09-07,154.44,157.85,150.77,157.79,54299695
AMZN,2024-09-08,159.02,159.29,154.62,156.16,29643694
AMZN,2024-09-09,157.55,159.68,156.5,156.97,28747434
AMZN,2024-09-10,157.05,161.43,152.92,160.36,59786792
AMZN,2024-09-11,159.53,163.9,156.17,160.31,42768335
AMZN,2024-09-12,160.29,162.1,156.26,160.59,15799481
AMZN,2024-09-13,161.54,164.91,157.58,163.14,26031593
AMZN,2024-09-14,161.62,162.86,161.3,161.97,53162067
AMZN,2024-09-15,160.99,164.77,158.52,158.76,63780035
AMZN,2024-09-16,158.45,161.39,156.09,159.9,62859083
AMZN,2024-09-17,160.7,164.42,156.07,162.16,56620698
AMZN,2024-09-18,160.65,162.12,157.73,159.5,63370830
AMZN,2024-09-19,158.71,159.21,157.03,157.53,19306099
AMZN,2024-09-20,157.51,159.94,155.46,159.37,24495283
AMZN,2024-09-21,160.38,164.78,156.0,160.35,51476017
AMZN,2024-09-22,160.6,160.64,156.92,157.21,42044863
AMZN,2024-09-23,157.15,160.09,153.31,159.68,49404062
AMZN,2024-09-24,161.16,161.61,159.47,160.07,75412842
AMZN,2024-09-25,158.7,159.41,158.0,158.02,53005945
AMZN,2024-09-26,158.64,160.91,157.6,159.06,22679902
AMZN,2024-09-27,160.01,164.6,158.13,158.78,64544958
AMZN,2024-09-28,159.1,161.74,157.22,159.85,24418592
AMZN,2024-09-29,159.96,162.45,159.93,160.49,34390780
AMZN,2024-09-30,159.84,161.54,156.58,156.68,74130617
AMZN,2024-10-01,156.2,160.85,151.83,157.05,16946596
AMZN,2024-10-02,157.95,160.83,155.87,158.37,74464762
AMZN,2024-10-03,159.32,161.64,155.41,159.16,27612691
AMZN,2024-10-04,159.47,163.76,156.11,160.59,73709109
AMZN,2024-10-05,159.84,160.09,159.01,159.43,28009640
AMZN,2024-10-06,159.67,161.96,156.03,156.54,18372212
AMZN,2024-10-07,157.58,161.16,157.56,160.43,61895010
AMZN,2024-10-08,160.9,164.64,156.45,158.37,43619328
AMZN,2024-10-09,159.53,161.41,156.18,157.36,57579514
AMZN,2024-10-10,158.06,161.59,156.14,160.43,25869846
AMZN,2024-10-11,159.63,159.79,156.23,159.65,60146939
AMZN,2024-10-12,160.36,162.1,156.12,161.23,61614582
AMZN,2024-10-13,159.95,162.32,159.66,161.3,62946194
AMZN,2024-10-14,160.06,161.59,158.51,158.92,20539301
AMZN,2024-10-15,159.96,160.04,156.03,158.57,48839088
AMZN,2024-10-16,157.52,159.07,154.0,158.27,21854447
AMZN,2024-10-17,158.06,158.3,155.03,155.71,15592548
AMZN,2024-10-18,155.58,156.75,155.41,155.73,57168706
AMZN,2024-10-19,154.23,158.79,151.02,154.62,58108826
AMZN,2024-10-20,154.07,158.18,151.92,152.73,53722491
AMZN,2024-10-21,151.94,153.07,148.04,148.08,32354024
AMZN,2024-10-22,147.83,148.1,145.66,145.68,31147751
AMZN,2024-10-23,145.66,146.03,142.56,144.78,33217605
AMZN,2024-10-24,144.22,147.11,140.3,141.98,58414531
AMZN,2024-10-25,141.67,144.04,140.55,141.98,63193777
AMZN,2024-10-26,142.74,145.55,141.94,144.77,47074245
AMZN,2024-10-27,143.62,144.2,140.53,140.81,28755289
AMZN,2024-10-28,141.16,144.0,139.72,142.8,44542315
AMZN,2024-10-29,142.04,144.37,137.97,138.67,26034646
AMZN,2024-10-30,139.39,139.62,138.67,139.59,29346951
AMZN,2024-10-31,139.09,141.64,136.48,138.9,30158599
AMZN,2024-11-01,137.53,140.06,135.72,138.2,42573752
AMZN,2024-11-02,139.56,140.53,136.63,138.21,74337747
AMZN,2024-11-03,137.69,138.96,137.65,138.71,79450414
AMZN,2024-11-04,137.87,141.48,137.5,140.04,50046725
AMZN,2024-11-05,138.65,140.51,137.79,138.15,47856776
AMZN,2024-11-06,138.87,142.81,137.85,139.94,13169072
AMZN,2024-11-07,141.2,143.89,137.08,140.42,61252384
AMZN,2024-11-08,139.11,142.0,136.75,138.82,45056615
AMZN,2024-11-09,137.9,137.99,137.14,137.55,35652151
AMZN,2024-11-10,136.94,139.01,135.73,136.77,53831258
AMZN,2024-11-11,137.87,137.89,135.47,136.42,71850874
AMZN,2024-11-12,135.53,135.55,133.2,133.47,31069734
AMZN,2024-11-13,132.47,133.12,131.64,131.96,32665457
AMZN,2024-11-14,133.22,134.02,133.06,133.55,11481500
AMZN,2024-11-15,132.23,133.59,131.19,132.76,56976895
AMZN,2024-11-16,131.88,132.68,131.32,132.06,62025849
AMZN,2024-11-17,131.88,132.91,129.77,129.92,44128842
AMZN,2024-11-18,129.82,131.46,126.36,131.35,31640209
AMZN,2024-11-19,132.64,133.09,130.56,132.72,13064065
AMZN,2024-11-20,132.18,132.36,128.54,129.2,71637096
AMZN,2024-11-21,128.55,129.52,127.6,127.64,17020364
AMZN,2024-11-22,127.39,129.69,124.26,126.85,25255892
AMZN,2024-11-23,127.04,129.69,126.71,127.01,31465089
AMZN,2024-11-24,125.82,127.01,125.36,125.45,16907735
AMZN,2024-11-25,124.22,125.23,122.61,124.57,31750197
AMZN,2024-11-26,123.33,126.59,122.95,126.17,52989753
AMZN,2024-11-27,127.11,128.56,124.89,125.65,18635819
AMZN,2024-11-28,125.83,128.42,123.04,123.31,42651041
AMZN,2024-11-29,122.09,123.33,119.77,121.54,44579097
AMZN,2024-11-30,121.19,122.27,118.33,121.19,42073522
AMZN,2024-12-01,120.94,122.35,118.35,120.79,53558392
AMZN,2024-12-02,121.15,121.83,117.93,119.44,79391860
AMZN,2024-12-03,119.37,119.52,116.54,117.43,31095320
AMZN,2024-12-04,117.16,117.83,115.66,117.27,75473608
AMZN,2024-12-05,118.07,118.65,117.62,117.83,60147747
AMZN,2024-12-06,117.54,118.51,117.47,118.49,52295137
AMZN,2024-12-07,118.48,119.38,115.5,115.56,64901241
AMZN,2024-12-08,114.83,115.6,114.74,115.09,25948209
AMZN,2024-12-09,115.37,115.93,112.2,112.27,22905545
AMZN,2024-12-10,111.31,114.18,109.17,112.13,45939504
AMZN,2024-12-11,112.71,114.14,112.35,113.55,46208711
AMZN,2024-12-12,113.24,113.55,111.37,113.14,17130807
AMZN,2024-12-13,112.1,114.69,111.01,114.29,76400797
AMZN,2024-12-14,113.75,114.69,111.96,113.0,50832535
AMZN,2024-12-15,113.81,114.2,112.16,112.84,70484957
AMZN,2024-12-16,112.19,114.94,110.32,112.33,29752999
AMZN,2024-12-17,111.54,113.91,110.02,112.21,35173335
AMZN,2024-12-18,111.58,113.6,110.97,112.46,44549577
AMZN,2024-12-19,113.01,115.83,111.28,111.67,56725519
AMZN,2024-12-20,111.62,112.59,109.75,110.37,30186390
AMZN,2024-12-21,111.46,111.59,109.06,110.7,68452317
AMZN,2024-12-22,110.14,112.83,107.81,110.13,21956094
AMZN,2024-12-23,109.43,111.27,107.97,109.8,45854785
AMZN,2024-12-24,109.53,111.77,106.56,107.79,50130829
AMZN,2024-12-25,107.93,110.5,106.32,110.33,52302143
AMZN,2024-12-26,110.91,112.52,108.48,111.29,17504042
AMZN,2024-12-27,110.26,110.67,109.61,110.63,78528586
AMZN,2024-12-28,111.16,112.04,108.95,109.97,34111734
AMZN,2024-12-29,109.84,112.5,108.62,112.33,70374959
AMZN,2024-12-30,112.24,115.03,111.63,113.09,74764736
TSLA,2024-01-01,176.3,179.11,171.11,176.48,28851546
TSLA,2024-01-02,175.86,179.83,175.08,175.39,64155131
TSLA,2024-01-03,174.04,175.49,170.86,172.33,31393246
TSLA,2024-01-04,171.76,172.96,170.18,172.0,30333766
TSLA,2024-01-05,173.44,174.32,171.89,172.63,10567101
TSLA,2024-01-06,173.81,173.96,169.62,170.65,79008223
TSLA,2024-01-07,171.95,174.87,169.37,169.67,34560646
TSLA,2024-01-08,169.25,171.1,166.87,167.58,43186251
TSLA,2024-01-09,167.85,171.06,166.32,170.19,70206201
TSLA,2024-01-10,168.58,170.72,163.62,163.82,67563211
TSLA,2024-01-11,164.84,169.6,159.99,165.04,39176559
TSLA,2024-01-12,163.94,164.24,163.44,164.08,78220132
TSLA,2024-01-13,162.72,165.62,158.63,162.63,40751377
TSLA,2024-01-14,164.15,167.7,163.43,163.53,46969848
TSLA,2024-01-15,163.49,167.18,161.87,163.11,75866272
TSLA,2024-01-16,164.6,165.4,162.85,163.22,68184735
TSLA,2024-01-17,163.06,165.41,160.17,162.19,61329257
TSLA,2024-01-18,161.02,163.39,160.23,161.35,78015142
TSLA,2024-01-19,162.45,165.0,161.63,161.91,42420748
TSLA,2024-01-20,162.13,164.44,159.65,164.34,52971233
TSLA,2024-01-21,163.39,167.25,163.34,164.84,77818288
TSLA,2024-01-22,163.61,166.4,160.27,162.6,11412453
TSLA,2024-01-23,161.92,164.87,160.35,161.53,72189013
TSLA,2024-01-24,162.17,164.33,160.69,164.08,62981532
TSLA,2024-01-25,163.0,164.81,161.14,161.49,54163982
TSLA,2024-01-26,162.19,166.43,157.59,165.22,64849759
TSLA,2024-01-27,166.19,166.78,161.65,166.62,78364933
TSLA,2024-01-28,166.79,168.12,162.34,166.65,79733410
TSLA,2024-01-29,165.44,167.97,163.27,166.11,36661063
TSLA,2024-01-30,165.98,169.74,162.58,164.73,38098775
TSLA,2024-01-31,164.06,166.16,160.57,161.31,44422998
TSLA,2024-02-01,161.18,165.58,160.05,160.87,57808414
TSLA,2024-02-02,161.95,164.42,159.09,163.17,16993214
TSLA,2024-02-03,162.57,164.05,161.91,164.0,66938013
TSLA,2024-02-04,163.46,166.08,160.31,165.28,60373232
TSLA,2024-02-05,163.69,167.06,159.41,164.2,32136662
TSLA,2024-02-06,163.86,168.38,161.55,161.59,74690780
TSLA,2024-02-07,160.1,163.32,156.86,158.75,67849007
TSLA,2024-02-08,158.56,160.36,156.12,158.96,21046634
TSLA,2024-02-09,160.07,161.4,155.97,155.98,63417202
TSLA,2024-02-10,156.3,160.66,154.05,155.91,61623921
TSLA,2024-02-11,157.44,161.09,155.89,158.22,63788828
TSLA,2024-02-12,158.1,160.57,156.21,156.52,66938777
TSLA,2024-02-13,157.62,161.12,155.42,156.6,37404530
TSLA,2024-02-14,157.77,158.52,153.9,154.37,52521460
TSLA,2024-02-15,152.97,155.3,151.29,152.2,44544127
TSLA,2024-02-16,152.19,152.94,151.38,152.09,18909466
TSLA,2024-02-17,152.91,155.69,152.15,152.41,71941562
TSLA,2024-02-18,153.33,157.14,152.13,152.37,13919858
TSLA,2024-02-19,151.04,153.09,147.67,151.82,38830082
TSLA,2024-02-20,152.39,152.82,149.24,152.63,64561778
TSLA,2024-02-21,151.96,155.14,151.28,155.08,32439050
TSLA,2024-02-22,155.26,159.43,151.38,151.49,66464493
TSLA,2024-02-23,150.47,154.86,148.64,149.63,65777705
TSLA,2024-02-24,148.23,149.32,145.5,148.78,72234981
TSLA,2024-02-25,149.51,150.37,149.4,150.27,50971196
TSLA,2024-02-26,149.22,152.04,148.61,151.44,67648631
TSLA,2024-02-27,151.15,155.25,150.25,152.96,39836527
TSLA,2024-02-28,151.57,155.03,149.33,151.09,43513509
TSLA,2024-02-29,152.59,155.3,150.31,153.14,59257063
TSLA,2024-03-01,152.28,154.67,147.88,148.28,17756586
TSLA,2024-03-02,146.85,150.55,142.56,144.4,53843350
TSLA,2024-03-03,143.38,143.89,142.22,143.51,24796577
TSLA,2024-03-04,144.33,148.25,140.63,140.67,57896504
TSLA,2024-03-05,141.8,143.58,137.56,140.84,74859026
TSLA,2024-03-06,139.99,141.12,138.39,140.13,45190096
TSLA,2024-03-07,139.34,139.99,138.29,139.59,11808138
TSLA,2024-03-08,140.97,145.12,137.72,142.61,46579687
TSLA,2024-03-09,143.82,146.8,142.1,144.64,75636050
TSLA,2024-03-10,144.46,147.23,144.39,145.61,59174053
TSLA,2024-03-11,145.65,148.12,145.52,147.42,21470007
TSLA,2024-03-12,147.01,150.56,143.86,149.99,48927353
TSLA,2024-03-13,149.76,152.51,148.87,150.28,50769220
TSLA,2024-03-14,150.75,151.76,149.65,149.78,69300465
TSLA,2024-03-15,149.08,149.82,148.96,149.46,65731086
TSLA,2024-03-16,148.65,151.36,147.65,149.62,75648758
TSLA,2024-03-17,148.41,149.27,148.01,148.19,19335041
TSLA,2024-03-18,149.3,152.28,149.23,152.24,79671002
TSLA,2024-03-19,151.3,155.65,147.13,155.46,65684552
TSLA,2024-03-20,155.41,156.64,154.91,156.02,34981711
TSLA,2024-03-21,154.99,155.72,154.38,155.61,57263183
TSLA,2024-03-22,156.52,160.02,153.26,158.54,15228735
TSLA,2024-03-23,158.18,158.87,155.35,158.72,70369559
TSLA,2024-03-24,158.43,160.27,153.78,159.91,71879983
TSLA,2024-03-25,159.48,162.36,154.95,161.12,38154849
TSLA,2024-03-26,160.23,163.44,155.6,156.36,71546317
TSLA,2024-03-27,157.47,157.75,155.74,157.67,64810472
TSLA,2024-03-28,158.77,160.6,157.42,158.16,28797276
TSLA,2024-03-29,157.67,162.25,156.18,156.25,57765135
TSLA,2024-03-30,155.37,158.16,150.85,158.14,77425637
TSLA,2024-03-31,158.18,160.99,155.02,160.25,50415083
TSLA,2024-04-01,161.3,162.85,157.99,162.38,72805618
TSLA,2024-04-02,161.45,164.07,159.93,161.48,31167010
TSLA,2024-04-03,161.3,164.71,159.96,163.7,31024050
TSLA,2024-04-04,164.85,166.35,163.34,165.75,51608080
TSLA,2024-04-05,167.01,171.47,162.8,163.08,74507080
TSLA,2024-04-06,164.13,165.95,160.78,160.99,51630323
TSLA,2024-04-07,159.5,161.6,158.8,159.57,38474804
TSLA,2024-04-08,161.15,165.72,159.88,165.63,23534229
TSLA,2024-04-09,164.12,166.02,161.86,165.47,50768677
TSLA,2024-04-10,166.82,170.02,163.53,165.78,47120157
TSLA,2024-04-11,167.42,169.4,165.41,167.73,17749979
TSLA,2024-04-12,166.91,171.6,166.59,169.15,59060446
TSLA,2024-04-13,169.85,171.56,167.76,168.05,38513568
TSLA,2024-04-14,169.38,174.0,168.46,173.7,36015338
TSLA,2024-04-15,172.72,177.66,168.06,170.33,41173020
TSLA,2024-04-16,171.31,172.81,168.79,171.56,40228728
TSLA,2024-04-17,172.84,175.67,171.54,172.04,17285607
TSLA,2024-04-18,171.58,176.32,170.44,171.95,53914149
TSLA,2024-04-19,171.7,175.78,168.39,173.31,32241715
TSLA,2024-04-20,172.0,174.88,171.3,171.63,66371561
TSLA,2024-04-21,172.14,174.93,169.92,173.11,61757856
TSLA,2024-04-22,171.39,171.6,168.92,171.07,21024971
TSLA,2024-04-23,171.4,171.72,167.44,170.27,43342928
TSLA,2024-04-24,170.16,171.15,169.08,170.86,71309936
TSLA,2024-04-25,170.4,174.33,168.37,172.64,52366950
TSLA,2024-04-26,174.05,179.22,169.73,172.42,25904528
TSLA,2024-04-27,171.24,172.37,169.96,172.02,75567537
TSLA,2024-04-28,170.61,172.56,170.11,171.15,37609136
TSLA,2024-04-29,169.63,171.82,168.16,169.57,34984421
TSLA,2024-04-30,170.97,171.41,165.92,168.06,11892588
TSLA,2024-05-01,168.7,171.2,165.66,166.35,70440104
TSLA,2024-05-02,164.99,166.33,162.11,166.32,61803881
TSLA,2024-05-03,167.57,167.66,166.84,167.28,44557290
TSLA,2024-05-04,167.95,171.01,164.54,166.04,20756037
TSLA,2024-05-05,166.15,166.27,163.93,166.03,22647237
TSLA,2024-05-06,165.77,170.18,164.67,168.01,47964724
TSLA,2024-05-07,168.84,169.51,165.83,167.32,62560469
TSLA,2024-05-08,168.69,172.57,165.93,171.35,68907153
TSLA,2024-05-09,169.76,170.21,169.72,170.15,27600654
TSLA,2024-05-10,168.94,169.58,167.1,168.3,62285621
TSLA,2024-05-11,167.12,169.44,167.02,167.35,66979402
TSLA,2024-05-12,166.09,166.26,164.59,165.74,45570168
TSLA,2024-05-13,165.16,169.75,162.43,165.28,31008884
TSLA,2024-05-14,165.59,168.07,163.83,166.49,34987486
TSLA,2024-05-15,167.06,169.6,163.1,167.48,12667608
TSLA,2024-05-16,166.6,168.83,162.36,164.26,75792781
TSLA,2024-05-17,165.01,168.32,161.55,162.39,32436038
TSLA,2024-05-18,163.12,165.16,162.2,163.06,46105613
TSLA,2024-05-19,163.43,164.23,162.74,163.96,43185902
TSLA,2024-05-20,163.28,168.15,160.76,163.7,66715624
TSLA,2024-05-21,162.1,164.45,157.36,161.9,13467414
TSLA,2024-05-22,161.66,164.84,157.53,163.43,10483325
TSLA,2024-05-23,164.81,165.16,162.82,163.34,73752070
TSLA,2024-05-24,163.88,168.16,159.89,162.78,57402177
TSLA,2024-05-25,164.16,166.74,163.71,165.86,14481039
TSLA,2024-05-26,164.61,167.52,160.34,163.64,32537708
TSLA,2024-05-27,164.49,167.51,161.31,166.5,27419812
TSLA,2024-05-28,167.08,170.23,164.61,167.78,72166666
TSLA,2024-05-29,166.65,171.36,161.79,168.77,55781231
TSLA,2024-05-30,167.49,169.8,166.13,169.31,36795151
TSLA,2024-05-31,168.49,170.29,167.02,168.37,37757783
TSLA,2024-06-01,169.15,170.59,168.6,169.35,62294111
TSLA,2024-06-02,170.24,174.22,169.1,172.93,39185411
TSLA,2024-06-03,171.77,174.81,169.33,173.3,56343822
TSLA,2024-06-04,174.03,175.06,170.74,173.13,63684562
TSLA,2024-06-05,173.1,177.75,170.36,175.71,46627600
TSLA,2024-06-06,176.96,177.31,172.93,174.44,42644504
TSLA,2024-06-07,175.46,176.1,174.67,174.92,42408220
TSLA,2024-06-08,176.03,180.41,174.99,178.67,27044475
TSLA,2024-06-09,177.06,179.83,173.11,179.31,15684298
TSLA,2024-06-10,179.72,185.11,179.36,184.88,33319012
TSLA,2024-06-11,185.1,185.28,184.21,184.4,27139737
TSLA,2024-06-12,186.1,186.22,180.67,182.84,42426737
TSLA,2024-06-13,183.78,186.12,181.18,183.71,14970667
TSLA,2024-06-14,182.82,185.06,180.56,181.32,28880550
TSLA,2024-06-15,181.83,183.56,178.03,178.78,28597161
TSLA,2024-06-16,179.96,181.98,175.29,180.62,47497636
TSLA,2024-06-17,179.15,180.25,174.77,175.08,61276543
TSLA,2024-06-18,175.34,175.35,173.9,174.83,35631359
TSLA,2024-06-19,174.13,176.42,173.29,174.95,68053656
TSLA,2024-06-20,175.48,178.87,171.19,174.49,79979526
TSLA,2024-06-21,175.69,177.34,172.47,175.56,74813571
TSLA,2024-06-22,177.02,177.81,173.32,176.77,29709995
TSLA,2024-06-23,176.83,181.21,172.19,180.02,56770350
TSLA,2024-06-24,180.52,185.27,177.24,185.08,57200762
TSLA,2024-06-25,185.48,190.06,184.21,186.96,41453151
TSLA,2024-06-26,187.05,189.93,184.5,188.14,72520491
TSLA,2024-06-27,187.36,192.84,186.06,192.73,58295314
TSLA,2024-06-28,191.45,193.4,188.51,188.66,43516683
TSLA,2024-06-29,188.23,189.86,182.87,187.76,40308877
TSLA,2024-06-30,189.28,190.61,188.87,190.06,44266815
TSLA,2024-07-01,190.03,190.63,185.21,187.92,61433275
TSLA,2024-07-02,187.1,191.43,183.78,187.9,41730372
TSLA,2024-07-03,189.74,190.23,187.72,187.82,60317810
TSLA,2024-07-04,189.22,194.38,187.05,187.86,38190721
TSLA,2024-07-05,188.67,191.68,186.97,191.32,72302054
TSLA,2024-07-06,191.92,193.99,190.12,193.55,69221963
TSLA,2024-07-07,194.39,197.65,190.67,197.32,50346410
TSLA,2024-07-08,197.16,197.88,192.62,194.75,13137960
TSLA,2024-07-09,193.89,194.95,190.82,191.43,10585010
TSLA,2024-07-10,193.31,197.13,191.58,194.62,72093462
TSLA,2024-07-11,195.75,200.76,190.37,197.43,38140832
TSLA,2024-07-12,196.76,201.04,196.24,200.09,25582496
TSLA,2024-07-13,202.05,203.6,198.03,201.95,49294565
TSLA,2024-07-14,201.35,206.74,200.98,203.1,68238757
TSLA,2024-07-15,204.02,204.45,199.97,202.63,78080554
TSLA,2024-07-16,204.47,210.5,201.06,207.26,33570380
TSLA,2024-07-17,206.3,209.48,203.19,207.89,55890760
TSLA,2024-07-18,209.37,212.95,206.96,210.65,57465730
TSLA,2024-07-19,211.68,214.45,206.2,211.67,38678271
TSLA,2024-07-20,210.82,216.32,210.06,215.38,70045182
TSLA,2024-07-21,215.54,221.83,210.88,219.01,50314564
TSLA,2024-07-22,220.89,225.87,218.82,221.82,79676652
TSLA,2024-07-23,222.48,228.29,216.16,225.42,48065946
TSLA,2024-07-24,224.72,230.4,224.13,228.47,22002283
TSLA,2024-07-25,227.6,231.51,222.68,223.07,58432533
TSLA,2024-07-26,222.89,227.45,217.71,223.73,23180069
TSLA,2024-07-27,224.88,229.31,222.77,228.6,28199889
TSLA,2024-07-28,230.39,234.11,227.58,227.9,65638887
TSLA,2024-07-29,226.17,226.33,225.05,226.18,26459863
TSLA,2024-07-30,226.49,228.95,220.74,227.01,60805140
TSLA,2024-07-31,228.03,229.62,225.96,226.7,59986277
TSLA,2024-08-01,225.71,231.7,220.98,231.58,46276363
TSLA,2024-08-02,232.6,232.94,232.51,232.54,38498166
TSLA,2024-08-03,232.74,237.63,226.19,234.87,74793444
TSLA,2024-08-04,235.39,241.17,232.1,237.78,76458164
TSLA,2024-08-05,238.53,240.28,236.34,239.09,38339553
TSLA,2024-08-06,240.5,244.27,237.2,239.35,59164028
TSLA,2024-08-07,239.82,242.92,236.26,239.96,13051283
TSLA,2024-08-08,241.74,245.61,236.29,243.66,30156120
TSLA,2024-08-09,245.96,251.66,243.51,248.9,52277293
TSLA,2024-08-10,248.85,250.43,245.32,249.13,60638941
TSLA,2024-08-11,249.83,255.46,247.13,254.23,74030575
TSLA,2024-08-12,254.17,261.78,252.01,253.12,70201932
TSLA,2024-08-13,255.11,260.23,247.59,249.35,45195428
TSLA,2024-08-14,248.04,251.2,241.62,247.41,16300192
TSLA,2024-08-15,248.66,250.54,247.34,248.9,22509411
TSLA,2024-08-16,249.85,255.51,246.26,247.06,23847527
TSLA,2024-08-17,245.69,251.52,240.88,245.55,42808439
TSLA,2024-08-18,246.92,247.21,243.14,244.18,75369290
TSLA,2024-08-19,242.99,249.01,241.48,247.94,51589042
TSLA,2024-08-20,246.19,249.33,243.66,245.06,53851695
TSLA,2024-08-21,245.62,251.05,241.19,243.4,39642978
TSLA,2024-08-22,241.16,245.87,239.77,239.9,57856701
TSLA,2024-08-23,240.18,241.09,235.84,239.36,11496836
TSLA,2024-08-24,238.97,246.13,234.2,239.34,43632889
TSLA,2024-08-25,239.27,240.63,239.01,240.42,73613455
TSLA,2024-08-26,239.81,243.7,237.16,238.73,51231968
TSLA,2024-08-27,237.76,240.46,236.84,237.15,69395325
TSLA,2024-08-28,236.32,237.27,229.35,230.6,61506859
TSLA,2024-08-29,232.19,237.92,230.26,233.48,69429272
TSLA,2024-08-30,233.99,240.39,231.05,235.66,64975992
TSLA,2024-08-31,235.15,238.92,232.84,236.36,55691463
TSLA,2024-09-01,238.23,241.59,231.64,237.04,78873817
TSLA,2024-09-02,236.05,237.77,231.85,236.41,19089592
TSLA,2024-09-03,236.18,238.72,234.52,236.49,32306422
TSLA,2024-09-04,237.99,242.11,232.85,238.07,60228761
TSLA,2024-09-05,237.01,244.0,233.56,241.17,24446576
TSLA,2024-09-06,243.5,244.21,242.79,243.52,68585845
TSLA,2024-09-07,242.05,248.9,236.35,236.51,72908610
TSLA,2024-09-08,238.01,241.29,235.36,236.85,30117573
TSLA,2024-09-09,235.67,242.42,235.15,238.72,51567952
TSLA,2024-09-10,238.79,240.08,235.27,238.02,53456032
TSLA,2024-09-11,237.34,242.27,236.53,241.56,60095087
TSLA,2024-09-12,240.69,241.31,234.78,234.85,44304358
TSLA,2024-09-13,232.56,234.8,227.84,231.22,14756863
TSLA,2024-09-14,230.76,236.53,224.33,233.46,32469726
TSLA,2024-09-15,232.45,234.43,226.19,231.45,68158018
TSLA,2024-09-16,230.19,233.07,228.75,229.0,36833975
TSLA,2024-09-17,229.01,235.59,223.3,234.56,33481986
TSLA,2024-09-18,232.35,234.67,227.74,234.02,19858030
TSLA,2024-09-19,233.31,239.41,226.66,229.97,45667242
TSLA,2024-09-20,228.55,230.48,222.51,225.24,41283600
TSLA,2024-09-21,226.44,226.57,224.02,224.92,49335506
TSLA,2024-09-22,222.82,224.06,220.57,221.83,60566747
TSLA,2024-09-23,221.61,222.01,220.5,221.24,45726310
TSLA,2024-09-24,219.97,224.79,213.72,215.54,34070804
TSLA,2024-09-25,214.98,218.45,208.58,210.46,57596631
TSLA,2024-09-26,211.43,216.49,211.2,211.99,56872992
TSLA,2024-09-27,210.08,215.93,205.62,215.71,66403851
TSLA,2024-09-28,216.51,221.23,214.68,220.41,13018937
TSLA,2024-09-29,219.22,222.39,214.42,221.42,60077071
TSLA,2024-09-30,220.31,222.3,216.89,221.97,23447812
TSLA,2024-10-01,223.51,226.01,220.28,221.16,65036792
TSLA,2024-10-02,220.88,223.28,216.94,222.53,17418696
TSLA,2024-10-03,223.53,227.96,220.74,224.6,11591063
TSLA,2024-10-04,225.47,227.73,224.65,225.83,55985692
TSLA,2024-10-05,223.64,229.02,219.4,226.41,53981340
TSLA,2024-10-06,227.18,228.02,220.62,224.75,41443256
TSLA,2024-10-07,224.98,230.06,223.96,228.22,70804793
TSLA,2024-10-08,229.18,234.94,228.87,233.27,73983578
TSLA,2024-10-09,234.66,234.93,229.12,229.3,71946222
TSLA,2024-10-10,227.85,231.9,226.06,230.42,38236234
TSLA,2024-10-11,228.62,228.69,224.86,228.53,55246082
TSLA,2024-10-12,229.08,234.58,228.96,231.94,42388358
TSLA,2024-10-13,230.12,233.8,228.86,232.28,17275750
TSLA,2024-10-14,230.8,231.06,225.19,228.07,62660212
TSLA,2024-10-15,229.51,231.45,223.66,227.83,56539602
TSLA,2024-10-16,229.76,230.42,228.12,230.0,11968761
TSLA,2024-10-17,232.19,233.06,227.18,232.03,47772935
TSLA,2024-10-18,233.54,239.7,233.17,236.29,10463046
TSLA,2024-10-19,236.71,238.29,236.66,237.28,52705787
TSLA,2024-10-20,239.24,240.01,235.41,238.86,55582011
TSLA,2024-10-21,237.61,240.45,236.65,239.9,63627975
TSLA,2024-10-22,239.13,244.37,238.64,239.75,22513332
TSLA,2024-10-23,240.34,242.02,236.28,238.34,52485629
TSLA,2024-10-24,238.24,239.11,237.91,238.66,68583558
TSLA,2024-10-25,236.48,239.86,232.72,238.07,65933891
TSLA,2024-10-26,238.87,244.98,236.12,241.54,58943429
TSLA,2024-10-27,243.01,247.62,242.75,246.54,48397493
TSLA,2024-10-28,246.25,253.4,241.31,244.91,52117369
TSLA,2024-10-29,244.05,248.84,243.96,247.55,23009042
TSLA,2024-10-30,247.65,253.62,243.46,244.55,47336478
TSLA,2024-10-31,243.39,245.51,236.44,236.56,28893740
TSLA,2024-11-01,235.79,238.41,230.94,237.24,23811219
TSLA,2024-11-02,237.91,245.01,232.69,235.98,32195912
TSLA,2024-11-03,237.99,239.17,232.93,238.98,45822755
TSLA,2024-11-04,237.72,243.21,233.45,241.58,63475650
TSLA,2024-11-05,240.85,244.69,235.83,241.46,42958678
TSLA,2024-11-06,239.44,242.26,239.01,240.97,67165931
TSLA,2024-11-07,238.67,238.74,232.74,233.58,42437088
TSLA,2024-11-08,234.44,239.22,233.23,236.38,62754377
TSLA,2024-11-09,235.53,237.8,229.68,236.48,43018696
TSLA,2024-11-10,236.09,240.34,229.43,239.14,33512927
TSLA,2024-11-11,240.63,246.86,239.48,244.87,56231903
TSLA,2024-11-12,244.22,249.31,239.12,245.77,18457606
TSLA,2024-11-13,243.79,250.09,238.33,246.1,49624289
TSLA,2024-11-14,247.21,249.88,246.12,248.33,21969583
TSLA,2024-11-15,248.67,255.39,248.2,252.01,48797847
TSLA,2024-11-16,254.03,260.0,252.75,255.11,39753082
TSLA,2024-11-17,254.56,258.05,248.95,251.59,45879962
TSLA,2024-11-18,253.5,256.86,253.35,253.77,36815798
TSLA,2024-11-19,254.52,259.67,254.47,254.52,52977545
TSLA,2024-11-20,253.06,258.91,252.48,258.35,22293539
TSLA,2024-11-21,257.8,264.24,251.72,252.71,61451028
TSLA,2024-11-22,254.23,254.75,254.1,254.5,20576198
TSLA,2024-11-23,255.89,258.97,252.96,254.7,56825649
TSLA,2024-11-24,253.32,256.87,252.23,252.7,12542692
TSLA,2024-11-25,253.3,257.74,252.29,255.65,70915969
TSLA,2024-11-26,256.42,259.43,254.55,258.9,78146407
TSLA,2024-11-27,258.36,263.45,256.3,258.72,31490498
TSLA,2024-11-28,259.17,261.86,254.39,257.27,59051955
TSLA,2024-11-29,255.16,259.83,254.86,256.85,53637819
TSLA,2024-11-30,254.84,259.06,247.83,250.38,53185172
TSLA,2024-12-01,248.45,251.77,245.95,246.19,30958966
TSLA,2024-12-02,245.17,249.78,242.09,242.48,51366933
TSLA,2024-12-03,244.2,245.04,240.45,240.86,27678012
TSLA,2024-12-04,241.62,246.42,236.67,241.73,33185097
TSLA,2024-12-05,242.05,243.32,240.56,241.81,75077054
TSLA,2024-12-06,243.75,245.19,239.99,242.13,63097131
TSLA,2024-12-07,243.72,250.14,236.75,240.36,19479937
TSLA,2024-12-08,242.64,243.1,242.44,242.46,31336116
TSLA,2024-12-09,243.72,244.03,240.23,240.72,79763327
TSLA,2024-12-10,238.84,241.16,235.17,237.01,60343060
TSLA,2024-12-11,234.89,237.25,229.08,235.75,47753437
TSLA,2024-12-12,235.02,238.65,229.2,230.32,42816517
TSLA,2024-12-13,231.1,237.7,225.34,234.03,55176739
TSLA,2024-12-14,232.69,238.16,226.24,227.38,59082653
TSLA,2024-12-15,226.55,231.9,225.2,229.06,35324127
TSLA,2024-12-16,226.9,233.21,221.18,221.3,55281139
TSLA,2024-12-17,219.16,221.78,215.44,220.71,59883330
TSLA,2024-12-18,218.62,221.46,214.18,217.39,18444466
TSLA,2024-12-19,218.88,223.52,214.02,215.11,64844044
TSLA,2024-12-20,213.43,214.1,210.98,212.58,29915021
TSLA,2024-12-21,213.42,217.62,209.89,217.22,12854238
TSLA,2024-12-22,216.99,220.67,210.57,211.09,69314766
TSLA,2024-12-23,211.06,212.96,209.02,212.26,71923763
TSLA,2024-12-24,213.78,219.7,210.13,213.33,41271206
TSLA,2024-12-25,212.99,218.95,207.39,210.73,18991605
TSLA,2024-12-26,208.79,211.85,208.07,211.03,40626577
TSLA,2024-12-27,210.47,214.07,204.46,207.13,45779703
TSLA,2024-12-28,205.48,208.45,200.36,203.73,32852573
TSLA,2024-12-29,203.84,207.54,201.13,205.84,11238296
TSLA,2024-12-30,205.96,209.87,200.44,208.59,23044812
NVDA,2024-01-01,480.07,493.12,477.94,488.68,60468249
NVDA,2024-01-02,486.28,494.17,475.36,479.96,26656738
NVDA,2024-01-03,475.95,486.06,465.34,469.67,62613631
NVDA,2024-01-04,471.58,477.04,471.55,476.31,41839995
NVDA,2024-01-05,475.84,485.77,467.18,477.62,18514047
NVDA,2024-01-06,477.04,483.99,463.73,478.91,73536554
NVDA,2024-01-07,480.57,487.22,469.8,476.48,65771731
NVDA,2024-01-08,478.02,488.16,469.52,478.27,17476497
NVDA,2024-01-09,474.69,479.89,468.48,470.94,26528074
NVDA,2024-01-10,466.26,480.25,457.3,458.62,61749408
NVDA,2024-01-11,459.15,471.15,447.73,459.99,42864656
NVDA,2024-01-12,462.65,466.06,461.18,465.71,67135406
NVDA,2024-01-13,466.51,474.16,460.19,467.54,58449592
NVDA,2024-01-14,471.2,480.29,467.13,476.54,62917542
NVDA,2024-01-15,472.53,483.88,470.01,476.44,48015229
NVDA,2024-01-16,475.0,479.16,469.96,477.65,65242547
NVDA,2024-01-17,479.98,492.39,477.71,478.15,27044509
NVDA,2024-01-18,474.89,475.36,462.03,469.56,53824418
NVDA,2024-01-19,470.12,482.88,465.21,480.5,78561481
NVDA,2024-01-20,483.62,488.43,473.63,474.82,74479806
NVDA,2024-01-21,471.2,484.67,463.62,473.11,32851786
NVDA,2024-01-22,468.96,477.8,462.85,476.66,30700553
NVDA,2024-01-23,477.23,489.78,469.07,484.82,28883362
NVDA,2024-01-24,487.17,490.71,486.23,489.33,52693835
NVDA,2024-01-25,490.02,504.42,479.89,504.4,17170388
NVDA,2024-01-26,506.12,520.14,496.87,515.01,32778233
NVDA,2024-01-27,517.27,527.44,502.59,516.5,62529962
NVDA,2024-01-28,519.85,530.61,513.92,529.16,15382968
NVDA,2024-01-29,533.63,535.39,519.99,534.49,38936605
NVDA,2024-01-30,536.38,547.29,529.02,540.31,24247932
NVDA,2024-01-31,535.03,539.36,524.16,536.64,47752375
NVDA,2024-02-01,539.65,545.95,538.42,541.45,10278640
NVDA,2024-02-02,544.23,556.18,528.11,543.09,66924040
NVDA,2024-02-03,541.5,541.52,540.01,541.28,52201309
NVDA,2024-02-04,543.02,544.72,530.64,538.74,17601720
NVDA,2024-02-05,534.07,548.99,523.75,539.95,24649014
NVDA,2024-02-06,541.19,556.98,532.28,542.07,11588068
NVDA,2024-02-07,547.03,554.73,536.51,544.0,52170303
NVDA,2024-02-08,542.88,557.58,531.68,544.56,56269249
NVDA,2024-02-09,546.9,547.76,544.14,546.11,61363399
NVDA,2024-02-10,545.93,551.23,538.93,545.77,64544739
NVDA,2024-02-11,548.19,549.5,546.5,548.91,43966326
NVDA,2024-02-12,553.59,562.35,550.01,559.47,55286878
NVDA,2024-02-13,563.82,564.39,555.39,556.28,11444252
NVDA,2024-02-14,556.69,563.94,551.87,556.83,48963351
NVDA,2024-02-15,560.67,565.5,551.77,564.69,28331644
NVDA,2024-02-16,563.5,571.33,550.23,566.37,28335025
NVDA,2024-02-17,561.6,569.13,552.15,565.69,14030450
NVDA,2024-02-18,562.29,574.71,557.74,572.04,43540830
NVDA,2024-02-19,576.02,592.66,573.44,588.79,11258963
NVDA,2024-02-20,591.68,593.99,578.22,583.74,68469329
NVDA,2024-02-21,587.62,601.74,578.22,600.13,18288982
NVDA,2024-02-22,605.07,611.92,596.23,601.52,32806795
NVDA,2024-02-23,596.99,601.66,583.16,585.93,61043859
NVDA,2024-02-24,589.36,604.8,583.21,584.21,74788755
NVDA,2024-02-25,585.47,601.7,577.35,593.69,65728762
NVDA,2024-02-26,598.99,612.91,585.51,601.82,73872970
NVDA,2024-02-27,596.65,601.49,589.33,594.17,68328946
NVDA,2024-02-28,590.59,594.91,584.74,593.97,34642345
NVDA,2024-02-29,595.59,600.31,590.06,600.01,62464744
NVDA,2024-03-01,605.33,617.24,597.72,612.67,36821828
NVDA,2024-03-02,611.36,616.18,603.57,611.22,20001919
NVDA,2024-03-03,605.74,608.41,595.01,603.59,13671146
NVDA,2024-03-04,605.0,605.63,592.37,598.6,17515327
NVDA,2024-03-05,601.63,604.68,592.45,596.7,24602062
NVDA,2024-03-06,591.52,600.74,576.37,579.82,68773430
NVDA,2024-03-07,577.12,588.04,563.16,586.65,43124893
NVDA,2024-03-08,584.78,598.08,571.26,581.92,75105055
NVDA,2024-03-09,585.56,588.23,573.81,580.17,22475574
NVDA,2024-03-10,580.38,591.27,572.43,584.83,42280374
NVDA,2024-03-11,590.27,591.14,578.13,589.44,21916880
NVDA,2024-03-12,590.65,601.78,576.02,586.28,16231303
NVDA,2024-03-13,583.83,596.03,578.25,589.6,34817003
NVDA,2024-03-14,595.09,596.05,581.36,586.91,51634862
NVDA,2024-03-15,586.95,591.76,574.74,588.43,56349062
NVDA,2024-03-16,589.58,599.88,572.3,582.44,60175021
NVDA,2024-03-17,576.96,593.17,569.85,573.79,21685578
NVDA,2024-03-18,577.96,584.69,561.48,568.61,71283606
NVDA,2024-03-19,565.2,579.95,560.39,574.54,19938562
NVDA,2024-03-20,575.73,582.09,572.77,580.09,77889889
NVDA,2024-03-21,575.36,592.24,560.69,576.56,21383945
NVDA,2024-03-22,571.17,572.79,566.1,571.45,60209895
NVDA,2024-03-23,574.95,576.12,560.84,569.02,54876085
NVDA,2024-03-24,569.67,586.06,561.49,572.43,30963327
NVDA,2024-03-25,575.58,586.71,560.75,571.84,68902363
NVDA,2024-03-26,575.34,584.58,562.79,573.59,70454965
NVDA,2024-03-27,571.77,576.0,570.66,574.75,26714293
NVDA,2024-03-28,575.64,589.59,569.98,571.79,27221306
NVDA,2024-03-29,572.77,583.74,571.94,582.74,38354192
NVDA,2024-03-30,588.45,588.8,573.69,586.13,45951551
NVDA,2024-03-31,590.33,604.29,581.19,587.4,68794073
NVDA,2024-04-01,583.43,590.12,574.88,586.2,15090130
NVDA,2024-04-02,586.71,587.57,581.98,584.47,60058085
NVDA,2024-04-03,581.83,584.95,581.41,582.66,35868385
NVDA,2024-04-04,578.35,589.19,562.44,567.5,61779080
NVDA,2024-04-05,563.0,575.29,556.67,563.33,15655439
NVDA,2024-04-06,561.74,575.52,555.14,561.23,58863282
NVDA,2024-04-07,562.53,569.31,548.74,553.25,49909713
NVDA,2024-04-08,548.38,557.32,545.88,549.57,34060075
NVDA,2024-04-09,554.76,563.3,543.74,550.16,62811578
NVDA,2024-04-10,546.52,556.56,541.53,543.79,59808629
NVDA,2024-04-11,538.74,546.06,526.24,534.33,25070868
NVDA,2024-04-12,534.22,537.79,527.13,529.27,27299108
NVDA,2024-04-13,525.93,528.58,517.71,520.1,68606019
NVDA,2024-04-14,520.44,526.67,517.41,520.7,71512214
NVDA,2024-04-15,524.98,532.27,518.38,527.46,19360581
NVDA,2024-04-16,522.49,536.49,508.43,518.82,32657373
NVDA,2024-04-17,518.21,529.98,514.9,529.8,70971924
NVDA,2024-04-18,530.22,533.15,527.16,528.1,45476424
NVDA,2024-04-19,524.96,534.91,514.38,524.04,56927711
NVDA,2024-04-20,522.04,526.95,510.62,521.69,32959420
NVDA,2024-04-21,525.09,527.62,515.71,518.54,40582318
NVDA,2024-04-22,522.12,523.21,509.04,514.25,44946714
NVDA,2024-04-23,518.94,525.34,507.87,514.21,29821939
NVDA,2024-04-24,519.14,523.17,517.51,518.58,45557623
NVDA,2024-04-25,515.04,526.79,506.8,508.13,56050159
NVDA,2024-04-26,509.91,517.78,500.32,511.05,66089271
NVDA,2024-04-27,508.65,511.61,497.42,502.08,32834969
NVDA,2024-04-28,505.33,518.82,497.51,513.51,68336843
NVDA,2024-04-29,516.35,525.74,501.57,525.15,61786364
NVDA,2024-04-30,520.86,526.09,510.18,519.87,50972388
NVDA,2024-05-01,522.88,533.36,518.6,524.8,58254199
NVDA,2024-05-02,522.79,536.04,510.37,517.96,49109382
NVDA,2024-05-03,512.92,516.81,504.32,510.13,61659568
NVDA,2024-05-04,510.6,512.76,497.17,500.6,78977340
NVDA,2024-05-05,495.95,506.92,483.85,503.66,74635055
NVDA,2024-05-06,504.97,513.04,492.87,502.73,56163092
NVDA,2024-05-07,501.35,506.51,499.72,503.75,36290770
NVDA,2024-05-08,504.39,517.49,493.3,498.18,24758841
NVDA,2024-05-09,494.46,508.22,486.97,487.61,73863506
NVDA,2024-05-10,483.79,486.11,477.66,479.94,55465364
NVDA,2024-05-11,475.23,480.5,473.7,476.83,10073125
NVDA,2024-05-12,472.25,482.92,466.58,470.23,68901960
NVDA,2024-05-13,470.77,471.23,467.17,470.14,25343253
NVDA,2024-05-14,469.96,473.46,462.78,470.82,28895400
NVDA,2024-05-15,470.56,477.66,460.95,477.51,57556623
NVDA,2024-05-16,479.11,491.65,465.2,472.91,15065983
NVDA,2024-05-17,477.6,482.24,464.02,477.73,68862505
NVDA,2024-05-18,475.2,481.41,472.87,476.01,43986915
NVDA,2024-05-19,473.91,475.17,473.29,473.36,32350194
NVDA,2024-05-20,469.48,480.65,463.92,479.05,40474196
NVDA,2024-05-21,474.95,481.89,462.77,478.33,76436940
NVDA,2024-05-22,481.07,488.3,471.69,476.02,46680353
NVDA,2024-05-23,479.97,487.1,466.81,483.04,15578718
NVDA,2024-05-24,487.13,488.94,480.71,481.6,18852503
NVDA,2024-05-25,477.72,478.36,469.53,475.4,61100465
NVDA,2024-05-26,477.52,480.57,469.16,479.18,63015441
NVDA,2024-05-27,483.47,484.05,478.5,481.11,67019557
NVDA,2024-05-28,480.49,480.79,473.32,477.52,55258862
NVDA,2024-05-29,479.99,489.7,474.16,488.73,64329120
NVDA,2024-05-30,483.86,487.87,480.44,484.82,47069301
NVDA,2024-05-31,488.95,489.63,476.2,479.2,59984374
NVDA,2024-06-01,478.65,485.15,467.8,484.77,50286415
NVDA,2024-06-02,481.36,491.17,468.56,471.99,53128987
NVDA,2024-06-03,470.28,474.61,469.44,470.37,39388025
NVDA,2024-06-04,466.71,475.06,453.03,466.86,51975435
NVDA,2024-06-05,470.7,474.06,462.88,465.53,74841953
NVDA,2024-06-06,464.1,473.65,455.34,460.55,58720574
NVDA,2024-06-07,458.78,464.04,450.8,462.44,19432749
NVDA,2024-06-08,465.78,467.83,458.62,463.03,49009990
NVDA,2024-06-09,464.97,465.25,461.41,463.22,55654983
NVDA,2024-06-10,460.02,464.49,459.05,464.33,54215455
NVDA,2024-06-11,465.98,478.05,458.03,468.97,25360340
NVDA,2024-06-12,468.37,470.73,463.77,464.53,65963764
NVDA,2024-06-13,463.59,470.35,461.77,468.13,34819479
NVDA,2024-06-14,468.19,471.66,458.45,462.35,42193325
NVDA,2024-06-15,458.12,467.78,452.88,460.21,42552917
NVDA,2024-06-16,463.18,476.88,455.35,476.81,39858229
NVDA,2024-06-17,477.44,490.26,463.26,474.6,31126709
NVDA,2024-06-18,476.07,481.3,466.17,471.37,78713527
NVDA,2024-06-19,467.47,475.34,459.14,469.73,44200618
NVDA,2024-06-20,466.98,478.51,466.39,470.24,34903067
NVDA,2024-06-21,468.82,469.21,466.71,467.48,17728912
NVDA,2024-06-22,462.85,467.99,453.36,454.81,40058216
NVDA,2024-06-23,452.42,464.45,443.91,464.04,60869805
NVDA,2024-06-24,460.24,471.78,454.7,467.07,69196556
NVDA,2024-06-25,466.34,469.32,461.41,466.11,33981185
NVDA,2024-06-26,466.32,478.38,460.32,466.39,36996935
NVDA,2024-06-27,467.35,479.08,453.6,473.42,69334653
NVDA,2024-06-28,469.26,479.04,460.79,470.11,57550088
NVDA,2024-06-29,473.54,478.96,470.08,472.72,61374130
NVDA,2024-06-30,470.98,472.65,464.39,467.57,50363447
NVDA,2024-07-01,466.11,474.55,455.38,456.58,75903556
NVDA,2024-07-02,455.48,456.6,444.83,450.77,63500781
NVDA,2024-07-03,450.48,460.73,442.88,445.71,46312576
NVDA,2024-07-04,441.46,444.09,431.04,432.08,60849632
NVDA,2024-07-05,434.05,442.07,423.46,435.75,43202435
NVDA,2024-07-06,435.44,447.22,429.52,435.16,53725277
NVDA,2024-07-07,435.71,445.29,429.17,435.04,42768221
NVDA,2024-07-08,438.92,445.93,428.45,442.6,63758559
NVDA,2024-07-09,440.51,441.1,432.5,432.81,69591453
NVDA,2024-07-10,430.84,434.09,429.04,429.91,52139576
NVDA,2024-07-11,429.54,442.41,420.18,422.08,69757608
NVDA,2024-07-12,420.88,427.38,414.29,424.23,58531470
NVDA,2024-07-13,424.21,424.98,415.49,423.45,52806767
NVDA,2024-07-14,422.18,424.18,410.55,418.83,22401102
NVDA,2024-07-15,419.42,424.75,415.8,419.82,25344592
NVDA,2024-07-16,419.39,429.03,412.86,413.74,31893409
NVDA,2024-07-17,413.65,420.49,405.8,408.8,50996051
NVDA,2024-07-18,405.02,406.08,400.32,400.99,51887637
NVDA,2024-07-19,399.5,402.45,390.7,398.64,53196088
NVDA,2024-07-20,398.74,407.73,398.47,401.98,60380861
NVDA,2024-07-21,405.82,415.61,405.74,412.24,27901687
NVDA,2024-07-22,416.25,423.87,406.93,407.85,22822805
NVDA,2024-07-23,406.67,413.03,399.99,403.61,27321151
NVDA,2024-07-24,403.17,408.78,396.04,404.2,22134820
NVDA,2024-07-25,401.62,404.74,399.93,400.81,54140705
NVDA,2024-07-26,402.88,412.74,395.94,398.02,29680500
NVDA,2024-07-27,401.57,402.91,389.79,393.91,14058279
NVDA,2024-07-28,392.19,392.88,383.4,390.82,45186459
NVDA,2024-07-29,394.25,396.55,383.48,390.11,27627069
NVDA,2024-07-30,388.6,396.72,381.37,392.29,22400776
NVDA,2024-07-31,394.73,398.17,385.94,397.9,56290760
NVDA,2024-08-01,399.43,400.7,389.04,400.0,23766437
NVDA,2024-08-02,402.86,411.13,393.49,405.9,61923788
NVDA,2024-08-03,403.31,405.39,403.25,403.62,11518624
NVDA,2024-08-04,401.13,407.08,390.85,391.35,12461891
NVDA,2024-08-05,389.45,391.95,377.85,388.75,42541001
NVDA,2024-08-06,390.91,394.81,389.09,392.15,68169803
NVDA,2024-08-07,391.17,393.02,381.13,382.0,44301278
NVDA,2024-08-08,384.6,395.69,377.0,380.13,30265607
NVDA,2024-08-09,383.4,389.4,381.16,384.64,77082995
NVDA,2024-08-10,382.86,393.71,374.02,384.61,77996166
NVDA,2024-08-11,384.24,394.75,377.9,388.26,55610735
NVDA,2024-08-12,388.97,392.42,385.67,386.5,29333074
NVDA,2024-08-13,388.94,390.54,384.4,388.44,50539413
NVDA,2024-08-14,390.73,393.85,387.63,391.28,70211705
NVDA,2024-08-15,388.12,399.39,380.4,380.86,51955880
NVDA,2024-08-16,383.07,384.56,380.03,381.66,64425926
NVDA,2024-08-17,384.02,384.82,382.89,383.84,23797441
NVDA,2024-08-18,382.66,385.93,375.6,381.86,28556293
NVDA,2024-08-19,383.48,392.11,375.25,380.19,77704592
NVDA,2024-08-20,381.92,392.04,371.34,376.01,37689762
NVDA,2024-08-21,373.39,379.91,368.16,369.87,42757782
NVDA,2024-08-22,366.44,369.25,356.58,356.65,67320333
NVDA,2024-08-23,353.75,361.79,349.6,357.79,17918860
NVDA,2024-08-24,354.35,357.28,353.31,353.83,36902770
NVDA,2024-08-25,355.7,357.68,352.76,355.14,18805216
NVDA,2024-08-26,357.24,365.68,350.49,363.6,25008911
NVDA,2024-08-27,362.22,363.39,352.81,360.51,27517652
NVDA,2024-08-28,363.57,366.91,361.32,361.53,65455194
NVDA,2024-08-29,359.93,362.64,357.12,361.44,43093873
NVDA,2024-08-30,359.28,365.16,356.97,357.21,64144890
NVDA,2024-08-31,354.57,355.7,347.41,351.12,14418097
NVDA,2024-09-01,347.69,352.3,339.09,345.44,39380317
NVDA,2024-09-02,346.65,346.76,337.75,341.69,22683033
NVDA,2024-09-03,345.03,352.85,337.62,343.27,23463400
NVDA,2024-09-04,341.88,347.8,334.3,334.84,57453331
NVDA,2024-09-05,335.25,342.99,330.81,338.2,77524424
NVDA,2024-09-06,339.85,341.36,337.44,340.54,20127200
NVDA,2024-09-07,338.34,344.73,330.69,344.36,78427843
NVDA,2024-09-08,346.41,350.27,340.26,347.89,49353684
NVDA,2024-09-09,346.99,352.64,336.62,342.19,70905852
NVDA,2024-09-10,342.08,342.69,338.59,340.7,67423395
NVDA,2024-09-11,341.91,348.9,340.06,343.57,36352495
NVDA,2024-09-12,342.44,347.68,333.14,338.19,78439068
NVDA,2024-09-13,335.29,336.42,330.16,332.02,71222571
NVDA,2024-09-14,329.15,334.73,324.65,331.06,37450947
NVDA,2024-09-15,332.98,334.26,328.14,331.06,34887667
NVDA,2024-09-16,333.18,342.59,324.31,335.84,72030136
NVDA,2024-09-17,338.9,348.76,334.95,347.79,74643866
NVDA,2024-09-18,346.02,354.93,339.87,349.87,63037682
NVDA,2024-09-19,348.5,357.5,343.49,356.48,63146098
NVDA,2024-09-20,356.13,366.32,349.55,358.79,76555795
NVDA,2024-09-21,357.03,364.18,353.91,357.19,55255361
NVDA,2024-09-22,356.28,362.49,351.58,360.29,50515107
NVDA,2024-09-23,360.28,361.64,354.62,359.66,22344393
NVDA,2024-09-24,358.2,365.67,348.45,358.15,66971468
NVDA,2024-09-25,361.61,368.34,352.48,361.38,55290465
NVDA,2024-09-26,359.53,363.14,349.95,358.03,26855387
NVDA,2024-09-27,360.74,370.35,350.66,360.37,66575510
NVDA,2024-09-28,359.4,362.54,351.7,361.4,12851471
NVDA,2024-09-29,359.06,364.27,354.24,356.53,24278738
NVDA,2024-09-30,357.87,365.83,350.45,363.42,50706372
NVDA,2024-10-01,362.13,369.11,360.56,366.35,14952193
NVDA,2024-10-02,364.97,373.16,356.52,368.21,47461754
NVDA,2024-10-03,370.46,378.13,369.42,376.55,41365744
NVDA,2024-10-04,376.36,381.0,374.35,377.84,78894232
NVDA,2024-10-05,378.32,387.8,367.07,386.07,38469283
NVDA,2024-10-06,385.02,395.54,384.48,385.31,51825843
NVDA,2024-10-07,386.44,389.52,383.48,387.7,65563694
NVDA,2024-10-08,389.85,396.52,382.68,383.18,70951338
NVDA,2024-10-09,379.4,388.8,376.97,387.48,20611830
NVDA,2024-10-10,388.72,392.27,386.02,387.86,67955851
NVDA,2024-10-11,387.69,395.51,380.62,389.07,57299801
NVDA,2024-10-12,389.14,399.75,379.66,389.04,63501029
NVDA,2024-10-13,386.32,388.62,376.32,382.2,21432674
NVDA,2024-10-14,379.4,387.43,377.01,378.98,22696628
NVDA,2024-10-15,379.35,384.42,374.31,383.41,63046361
NVDA,2024-10-16,386.98,391.5,381.41,383.25,46865987
NVDA,2024-10-17,379.65,389.74,377.39,382.94,62148920
NVDA,2024-10-18,381.1,383.14,370.2,375.33,20766545
NVDA,2024-10-19,374.28,385.1,370.0,383.39,15729505
NVDA,2024-10-20,385.33,390.42,375.0,389.15,45341833
NVDA,2024-10-21,390.24,393.48,383.78,384.97,65439255
NVDA,2024-10-22,382.87,389.13,375.45,388.35,70404266
NVDA,2024-10-23,385.29,396.21,383.69,392.99,79965610
NVDA,2024-10-24,395.36,399.34,383.77,398.38,34868509
NVDA,2024-10-25,399.76,404.13,388.61,393.7,16046291
NVDA,2024-10-26,395.02,406.24,390.88,401.08,72834737
NVDA,2024-10-27,404.4,407.52,403.96,406.36,70677157
NVDA,2024-10-28,405.34,412.72,396.45,398.18,10719012
NVDA,2024-10-29,394.86,397.83,389.23,394.9,55604037
NVDA,2024-10-30,393.97,405.15,391.82,401.12,13063203
NVDA,2024-10-31,397.71,406.33,394.58,406.03,56528759
NVDA,2024-11-01,402.43,404.46,392.61,402.11,68844551
NVDA,2024-11-02,404.88,415.19,400.88,404.09,38589727
NVDA,2024-11-03,406.93,416.44,396.33,404.76,12543198
NVDA,2024-11-04,408.32,410.84,403.04,410.49,67351846
NVDA,2024-11-05,409.06,410.57,400.88,403.33,71372807
NVDA,2024-11-06,403.52,404.37,403.18,403.79,29155430
NVDA,2024-11-07,401.49,403.54,393.83,395.8,26144869
NVDA,2024-11-08,392.8,395.41,382.68,390.75,60029705
NVDA,2024-11-09,388.91,395.6,385.8,391.61,73585010
NVDA,2024-11-10,388.89,390.03,384.72,386.13,31749889
NVDA,2024-11-11,389.28,391.38,387.03,388.04,25003272
NVDA,2024-11-12,391.63,397.71,386.84,388.54,61601835
NVDA,2024-11-13,390.92,401.03,381.29,400.0,10233654
NVDA,2024-11-14,399.71,411.5,397.24,398.59,70107626
NVDA,2024-11-15,398.85,403.16,389.03,401.09,15077219
NVDA,2024-11-16,399.95,411.37,392.09,403.95,13589916
NVDA,2024-11-17,405.49,415.77,404.38,407.34,46685636
NVDA,2024-11-18,408.73,411.89,401.98,404.71,32047556
NVDA,2024-11-19,405.63,409.02,394.56,405.9,13272032
NVDA,2024-11-20,404.22,412.01,401.54,408.12,52928665
NVDA,2024-11-21,409.65,413.25,399.77,401.07,47451157
NVDA,2024-11-22,404.34,408.08,404.3,407.77,44333005
NVDA,2024-11-23,403.76,409.53,398.44,404.85,21460315
NVDA,2024-11-24,408.88,416.83,398.73,403.68,48033736
NVDA,2024-11-25,404.71,405.12,404.24,404.35,12537791
NVDA,2024-11-26,400.9,411.93,399.13,399.62,56100427
NVDA,2024-11-27,399.63,407.05,397.59,405.08,14729868
NVDA,2024-11-28,403.47,408.46,398.21,402.4,49421024
NVDA,2024-11-29,398.93,401.72,397.65,400.48,31534959
NVDA,2024-11-30,404.2,407.3,397.8,400.69,56137225
NVDA,2024-12-01,402.73,405.28,390.66,401.89,63164434
NVDA,2024-12-02,400.77,405.92,398.79,403.62,45909211
NVDA,2024-12-03,403.79,411.69,397.82,405.15,20154399
NVDA,2024-12-04,406.72,415.94,396.61,404.89,50458639
NVDA,2024-12-05,408.71,418.34,405.82,409.46,28244080
NVDA,2024-12-06,412.01,414.38,403.8,406.17,74497134
NVDA,2024-12-07,406.95,410.18,404.59,406.87,38009256
NVDA,2024-12-08,408.47,411.05,397.11,408.48,74376481
NVDA,2024-12-09,404.47,409.48,401.5,404.92,66003510
NVDA,2024-12-10,404.24,415.65,396.67,404.73,70664048
NVDA,2024-12-11,402.75,412.22,399.12,400.49,53803183
NVDA,2024-12-12,398.76,403.8,393.73,397.74,67507977
NVDA,2024-12-13,394.59,400.1,384.08,388.35,63646046
NVDA,2024-12-14,391.85,398.25,390.12,391.88,32040678
NVDA,2024-12-15,389.42,395.13,383.46,387.06,41160093
NVDA,2024-12-16,388.87,390.69,382.55,389.57,24455693
NVDA,2024-12-17,391.95,400.49,386.0,388.17,40692751
NVDA,2024-12-18,385.15,385.41,379.19,380.81,48286569
NVDA,2024-12-19,380.08,386.08,371.66,383.12,70725987
NVDA,2024-12-20,386.48,396.0,374.95,383.03,53212347
NVDA,2024-12-21,385.98,391.99,385.92,391.81,73671673
NVDA,2024-12-22,395.29,400.94,388.01,400.29,59934092
NVDA,2024-12-23,396.55,400.13,392.85,394.68,75844856
NVDA,2024-12-24,398.29,407.66,388.31,402.75,29370683
NVDA,2024-12-25,402.3,413.81,395.65,395.9,21921822
NVDA,2024-12-26,394.39,405.95,389.03,391.97,23758347
NVDA,2024-12-27,393.92,399.54,384.08,388.79,75296990
NVDA,2024-12-28,389.31,393.61,383.79,384.38,60196684
NVDA,2024-12-29,383.06,387.84,377.73,383.24,57631952
NVDA,2024-12-30,380.46,390.24,369.59,386.77,38264566
BTC-USD,2024-01-01,61411.14,62607.09,59916.33,61527.77,42041569
BTC-USD,2024-01-02,61452.84,62824.7,60456.71,61020.2,20318177
BTC-USD,2024-01-03,61281.75,61820.5,60511.18,60534.43,57703470
BTC-USD,2024-01-04,60363.18,60989.96,58758.78,59073.81,68482027
BTC-USD,2024-01-05,59437.9,60450.85,57680.72,59647.77,74327759
BTC-USD,2024-01-06,59955.43,60672.9,58631.46,59025.0,33180324
BTC-USD,2024-01-07,58752.39,59282.87,58731.96,59266.5,24998843
BTC-USD,2024-01-08,58828.81,59292.47,57573.73,57886.46,54648091
BTC-USD,2024-01-09,58006.36,59314.69,56833.89,57287.24,14339362
BTC-USD,2024-01-10,57336.16,57384.27,56555.86,57064.06,53941235
BTC-USD,2024-01-11,57596.95,57724.7,56400.63,57185.88,35364605
BTC-USD,2024-01-12,56778.9,57827.92,55913.14,57135.01,10035960
BTC-USD,2024-01-13,56787.45,56854.7,56530.55,56786.06,76976986
BTC-USD,2024-01-14,57023.06,58559.81,55707.57,57602.24,50179054
BTC-USD,2024-01-15,57403.75,57889.56,56981.31,57561.8,24800679
BTC-USD,2024-01-16,57029.4,57215.93,56020.67,56606.12,73808600
BTC-USD,2024-01-17,56994.18,57062.81,55446.34,56569.1,58613211
BTC-USD,2024-01-18,56717.75,56939.25,55650.77,56515.6,55052469
BTC-USD,2024-01-19,56577.02,56876.12,55155.61,56042.32,46754152
BTC-USD,2024-01-20,55786.3,56067.3,54741.86,55901.69,67257610
BTC-USD,2024-01-21,56322.13,56577.5,55853.96,56364.5,23554241
BTC-USD,2024-01-22,56350.11,56936.54,55851.41,55904.76,66144020
BTC-USD,2024-01-23,56411.42,57636.28,54953.28,57273.56,67477292
BTC-USD,2024-01-24,57224.78,57581.59,56018.1,57455.6,36120431
BTC-USD,2024-01-25,57601.01,58035.35,57253.81,57569.1,69862705
BTC-USD,2024-01-26,57126.88,58595.65,55609.01,57457.41,74137562
BTC-USD,2024-01-27,57917.51,58981.96,56473.28,58897.02,41295874
BTC-USD,2024-01-28,59290.71,59651.78,58372.34,58426.12,79171666
BTC-USD,2024-01-29,58308.79,59206.31,57189.28,58950.35,44496138
BTC-USD,2024-01-30,58732.89,59711.55,57379.4,58892.04,41537628
BTC-USD,2024-01-31,58576.54,59532.18,57161.19,57177.33,18775176
BTC-USD,2024-02-01,57596.84,58780.16,56393.64,56666.06,45621959
BTC-USD,2024-02-02,56619.16,58106.52,56286.05,56835.69,23196623
BTC-USD,2024-02-03,57268.92,57924.29,55591.49,57459.35,35759048
BTC-USD,2024-02-04,57104.63,57425.35,56666.16,57203.45,45179316
BTC-USD,2024-02-05,57682.85,58034.03,57255.43,57431.97,30213155
BTC-USD,2024-02-06,57264.32,57948.1,56606.7,56668.47,50496685
BTC-USD,2024-02-07,56333.78,57437.68,54840.95,56359.27,76768962
BTC-USD,2024-02-08,56571.6,56971.85,56203.78,56475.01,38816284
BTC-USD,2024-02-09,56636.45,57500.35,56185.76,56696.68,53476151
BTC-USD,2024-02-10,56302.7,57383.12,56197.09,56780.12,34432246
BTC-USD,2024-02-11,56408.55,56751.16,55671.59,56568.84,69686644
BTC-USD,2024-02-12,56166.19,56920.0,54868.29,56561.65,16811361
BTC-USD,2024-02-13,56890.93,57787.31,56499.79,56635.22,52985476
BTC-USD,2024-02-14,56698.67,58350.02,55495.67,57059.07,60966130
BTC-USD,2024-02-15,56876.22,57693.99,56215.05,56623.95,20830405
BTC-USD,2024-02-16,56073.56,57561.16,54681.38,57367.47,30332240
BTC-USD,2024-02-17,57639.96,57855.22,57459.82,57812.72,29343851
BTC-USD,2024-02-18,58255.73,58269.86,57868.2,57972.96,32153815
BTC-USD,2024-02-19,58438.6,59038.59,57528.86,58371.61,63597535
BTC-USD,2024-02-20,58659.97,60254.19,57534.42,59146.19,61247848
BTC-USD,2024-02-21,59502.93,60242.11,58788.38,58989.62,61366255
BTC-USD,2024-02-22,59517.51,60952.1,57836.98,58758.87,76979754
BTC-USD,2024-02-23,58708.51,58819.35,58115.51,58589.46,29380296
BTC-USD,2024-02-24,58627.45,59879.65,57202.67,58956.48,71767046
BTC-USD,2024-02-25,58530.36,59410.57,57516.72,58276.03,75862456
BTC-USD,2024-02-26,57922.64,59451.46,56917.53,57718.5,52500471
BTC-USD,2024-02-27,57145.09,58558.82,56325.01,56778.35,27986052
BTC-USD,2024-02-28,56755.95,56930.71,55636.92,55810.07,59299235
BTC-USD,2024-02-29,56093.81,57774.27,55608.31,55679.78,79043410
BTC-USD,2024-03-01,56190.72,57245.06,55611.84,55881.91,57097098
BTC-USD,2024-03-02,56342.73,56813.16,55846.86,56293.01,71952913
BTC-USD,2024-03-03,55850.24,56555.5,55108.18,55544.01,55714603
BTC-USD,2024-03-04,55417.8,56721.99,53782.36,54866.67,26582847
BTC-USD,2024-03-05,55352.98,56005.96,54560.03,55406.63,57623522
BTC-USD,2024-03-06,54985.57,56067.22,54366.27,55158.54,52388776
BTC-USD,2024-03-07,55297.72,56603.54,54168.42,56338.54,21321490
BTC-USD,2024-03-08,56871.87,57380.68,55677.9,56318.77,21967855
BTC-USD,2024-03-09,56266.59,56598.79,54994.21,55329.86,22521279
BTC-USD,2024-03-10,55877.51,56451.02,55547.55,55865.12,32662797
BTC-USD,2024-03-11,56296.98,56583.08,55364.01,55829.15,40504360
BTC-USD,2024-03-12,55425.68,57059.77,54750.73,56691.53,25496894
BTC-USD,2024-03-13,56756.82,56765.38,56066.83,56544.28,71798514
BTC-USD,2024-03-14,56597.47,58200.51,55537.57,57560.29,61889241
BTC-USD,2024-03-15,57395.07,58864.92,55708.26,56579.97,62577256
BTC-USD,2024-03-16,56903.78,57808.33,56014.12,56186.93,15427895
BTC-USD,2024-03-17,55830.13,57103.26,55728.52,56408.49,26129217
BTC-USD,2024-03-18,55922.55,56564.32,54392.96,54770.91,22110803
BTC-USD,2024-03-19,54543.35,55264.82,53926.43,55041.67,65302622
BTC-USD,2024-03-20,54850.86,55068.9,53330.62,54832.23,24027381
BTC-USD,2024-03-21,54329.49,55507.66,53544.78,53663.18,69598036
BTC-USD,2024-03-22,53204.27,53993.63,52531.4,52553.54,15095964
BTC-USD,2024-03-23,52412.91,53098.12,51309.08,52837.49,14363667
BTC-USD,2024-03-24,53183.1,54557.96,52428.15,53117.04,48017417
BTC-USD,2024-03-25,52959.53,53280.61,52472.41,53029.1,77263405
BTC-USD,2024-03-26,53349.83,53373.15,52948.78,52990.79,20451148
BTC-USD,2024-03-27,52931.51,53716.69,51807.21,53194.55,56689463
BTC-USD,2024-03-28,53384.73,54809.19,52365.67,53482.55,44419539
BTC-USD,2024-03-29,53782.86,53980.74,53705.54,53955.31,44251485
BTC-USD,2024-03-30,53524.98,53610.16,52674.59,53072.08,26675817
BTC-USD,2024-03-31,52556.15,53225.43,52433.03,52636.42,56268587
BTC-USD,2024-04-01,53089.4,54285.37,51637.66,53309.87,55144572
BTC-USD,2024-04-02,52820.61,52880.6,52230.37,52276.43,59769561
BTC-USD,2024-04-03,52017.59,52915.92,51960.12,51980.39,24933008
BTC-USD,2024-04-04,51679.32,52303.82,50863.36,51881.83,12405662
BTC-USD,2024-04-05,52335.8,53004.81,51859.58,52052.65,51335664
BTC-USD,2024-04-06,52510.21,52857.57,52214.71,52657.65,17213924
BTC-USD,2024-04-07,52806.66,53544.49,52573.9,53493.72,69739363
BTC-USD,2024-04-08,53165.67,53221.04,52043.94,52390.34,42556325
BTC-USD,2024-04-09,52510.07,53844.38,52155.79,53518.47,48629409
BTC-USD,2024-04-10,53439.21,54412.93,52416.56,52603.14,30810577
BTC-USD,2024-04-11,52659.85,52824.49,51395.53,52321.57,20807375
BTC-USD,2024-04-12,51954.61,53091.38,51807.24,52691.38,62956301
BTC-USD,2024-04-13,52388.49,53705.85,51502.45,52560.25,30843924
BTC-USD,2024-04-14,52838.54,52934.89,51275.38,52597.1,22375161
BTC-USD,2024-04-15,52420.03,53429.3,52178.22,53109.09,26328513
BTC-USD,2024-04-16,52597.26,53005.19,52263.16,52516.82,71836017
BTC-USD,2024-04-17,52323.27,53832.09,52121.82,53334.01,65013940
BTC-USD,2024-04-18,53298.23,54422.3,51877.26,52865.02,30096771
BTC-USD,2024-04-19,52463.36,52879.26,52238.26,52865.15,11816417
BTC-USD,2024-04-20,53320.06,54634.91,52144.27,54382.11,33402109
BTC-USD,2024-04-21,54079.86,54462.12,52715.22,53976.53,31048413
BTC-USD,2024-04-22,54250.38,54258.19,53954.97,54239.23,64203686
BTC-USD,2024-04-23,54495.8,55455.51,54228.38,55383.35,19396132
BTC-USD,2024-04-24,55752.88,56708.65,54734.27,56620.73,67462070
BTC-USD,2024-04-25,57037.97,58004.04,56688.14,57055.95,13063299
BTC-USD,2024-04-26,57405.14,57797.37,57015.48,57220.01,50727796
BTC-USD,2024-04-27,56956.4,58300.35,55456.01,55985.89,14909230
BTC-USD,2024-04-28,55887.74,57082.49,55560.08,56236.73,36138379
BTC-USD,2024-04-29,55943.34,56216.26,54694.76,56174.08,57582025
BTC-USD,2024-04-30,56319.85,57354.33,54660.95,54959.84,20746468
BTC-USD,2024-05-01,54589.36,54853.71,53763.09,54243.61,40029949
BTC-USD,2024-05-02,53813.69,55225.33,52588.03,54429.9,61981742
BTC-USD,2024-05-03,54080.51,54714.07,53173.22,53464.31,68395593
BTC-USD,2024-05-04,53919.26,54087.85,53590.33,53672.87,27931412
BTC-USD,2024-05-05,53874.16,54038.91,52489.2,52986.62,45175110
BTC-USD,2024-05-06,53025.09,54610.61,52079.56,52210.94,27795844
BTC-USD,2024-05-07,52607.51,54158.96,51296.22,52217.67,48861499
BTC-USD,2024-05-08,52127.34,52391.98,50905.42,51792.84,61209032
BTC-USD,2024-05-09,52113.82,52198.81,51157.52,52081.07,26018605
BTC-USD,2024-05-10,51666.83,51730.55,51110.39,51706.12,35566657
BTC-USD,2024-05-11,51810.48,51849.19,51747.64,51798.99,32702720
BTC-USD,2024-05-12,52208.36,52227.5,51389.74,51435.9,25991557
BTC-USD,2024-05-13,51172.81,52216.0,50197.93,50322.79,63007871
BTC-USD,2024-05-14,50198.73,50467.96,49707.15,50067.33,77224722
BTC-USD,2024-05-15,49591.84,50476.55,48182.08,48978.56,57134096
BTC-USD,2024-05-16,48864.76,48909.47,48722.11,48733.0,66057276
BTC-USD,2024-05-17,49003.51,49475.24,48761.14,49224.08,11426214
BTC-USD,2024-05-18,49256.76,49559.47,48482.99,48770.96,70954921
BTC-USD,2024-05-19,49140.35,50243.48,48857.4,49342.17,10398018
BTC-USD,2024-05-20,49014.45,50426.79,48582.26,50047.37,60914113
BTC-USD,2024-05-21,50034.89,50061.28,49926.41,50010.49,75863241
BTC-USD,2024-05-22,50150.68,50945.51,49804.54,50272.58,37855144
BTC-USD,2024-05-23,50305.37,51457.88,50067.46,50531.1,43161543
BTC-USD,2024-05-24,50916.52,52051.78,49649.89,50028.0,22503191
BTC-USD,2024-05-25,50451.16,50476.82,49051.08,49386.23,42341930
BTC-USD,2024-05-26,49086.81,49472.49,49008.59,49097.3,42049381
BTC-USD,2024-05-27,49129.5,49811.39,47699.82,48450.96,12057640
BTC-USD,2024-05-28,48463.75,49097.02,48032.03,48899.86,67048868
BTC-USD,2024-05-29,49167.16,50038.16,48958.0,49077.53,37521129
BTC-USD,2024-05-30,49401.27,49711.74,49083.34,49345.39,71096907
BTC-USD,2024-05-31,49639.95,50855.92,49158.68,50597.22,17347054
BTC-USD,2024-06-01,50283.68,50885.54,49771.06,50095.04,24154052
BTC-USD,2024-06-02,50023.9,51321.28,48664.8,50559.31,57216978
BTC-USD,2024-06-03,50612.6,50983.61,49628.54,50417.76,25311717
BTC-USD,2024-06-04,50508.98,50649.64,49166.39,50056.72,10441074
BTC-USD,2024-06-05,50063.4,51181.79,49263.77,49894.85,73794682
BTC-USD,2024-06-06,50150.33,51221.61,49710.07,49743.93,47904996
BTC-USD,2024-06-07,50234.53,50920.36,49045.7,49539.86,13383117
BTC-USD,2024-06-08,49654.98,50920.74,48914.24,49069.31,66019154
BTC-USD,2024-06-09,48998.01,50372.43,48544.98,50008.4,37796349
BTC-USD,2024-06-10,49540.98,49945.07,48185.44,48279.71,77388673
BTC-USD,2024-06-11,48697.76,49725.13,47528.0,48054.91,29788270
BTC-USD,2024-06-12,48232.02,49129.89,47163.66,48752.45,53372231
BTC-USD,2024-06-13,48410.98,48633.12,47605.06,47759.33,50929567
BTC-USD,2024-06-14,48153.38,49543.44,46877.53,49502.66,56995883
BTC-USD,2024-06-15,49884.51,50591.25,49026.3,49753.36,70375172
BTC-USD,2024-06-16,49637.88,49845.38,49466.19,49773.9,57041167
BTC-USD,2024-06-17,50136.95,51603.61,49409.12,50800.32,44846097
BTC-USD,2024-06-18,51137.95,52370.21,50782.48,50839.84,64856367
BTC-USD,2024-06-19,51326.42,52166.89,51045.03,51729.07,75050623
BTC-USD,2024-06-20,52245.56,52675.14,51910.66,52182.63,14540562
BTC-USD,2024-06-21,52104.43,52500.63,51035.62,51431.0,27113191
BTC-USD,2024-06-22,51938.38,51945.29,50904.07,51182.36,21262324
BTC-USD,2024-06-23,50861.54,51537.0,50044.35,51250.77,31711851
BTC-USD,2024-06-24,51324.26,51518.37,51161.68,51338.12,10635338
BTC-USD,2024-06-25,51665.72,52593.02,51055.27,51311.04,12849573
BTC-USD,2024-06-26,50957.11,51309.05,50440.08,50999.05,14532837
BTC-USD,2024-06-27,51385.36,51437.74,50389.75,50630.52,37003340
BTC-USD,2024-06-28,50354.63,51694.71,49319.76,51569.81,67487105
BTC-USD,2024-06-29,51944.53,52398.15,50499.68,52200.97,62574599
BTC-USD,2024-06-30,52005.14,52615.48,51575.03,51621.8,52025171
BTC-USD,2024-07-01,51691.78,52280.16,51619.22,52209.63,32917088
BTC-USD,2024-07-02,51976.78,53099.48,51457.29,52548.83,60902629
BTC-USD,2024-07-03,52492.1,53414.73,50931.29,51750.71,23787935
BTC-USD,2024-07-04,51966.75,53523.12,50478.92,51316.06,44898664
BTC-USD,2024-07-05,51577.91,52380.15,50660.83,51720.76,58850448
BTC-USD,2024-07-06,52215.48,53067.89,52185.94,52354.88,21694192
BTC-USD,2024-07-07,51980.37,52922.34,50674.03,50681.13,41668436
BTC-USD,2024-07-08,51114.59,52110.94,50432.42,50952.64,75252113
BTC-USD,2024-07-09,51404.77,52484.97,50062.0,51978.13,28711885
BTC-USD,2024-07-10,51573.14,52436.63,50454.23,50761.44,30909098
BTC-USD,2024-07-11,51069.56,51911.58,50434.71,51184.84,74515137
BTC-USD,2024-07-12,51695.81,52403.59,50635.51,52251.15,77211406
BTC-USD,2024-07-13,52675.71,53069.55,52272.88,52929.27,79298148
BTC-USD,2024-07-14,53288.2,54058.38,51727.37,51810.5,65420381
BTC-USD,2024-07-15,51603.81,52756.61,50893.28,51419.57,60984376
BTC-USD,2024-07-16,51493.17,51831.95,49988.75,51796.9,69206132
BTC-USD,2024-07-17,51895.77,52375.65,51337.25,51588.95,29518044
BTC-USD,2024-07-18,51308.11,52508.79,50861.05,52406.55,11169958
BTC-USD,2024-07-19,52891.86,54074.35,51869.72,53162.14,70114428
BTC-USD,2024-07-20,52831.1,53968.72,51265.78,53461.0,14424547
BTC-USD,2024-07-21,53743.43,54634.34,53584.1,54386.02,19754002
BTC-USD,2024-07-22,54654.34,56043.33,53469.14,55763.38,77137256
BTC-USD,2024-07-23,55651.46,56833.9,55376.37,56504.88,25310148
BTC-USD,2024-07-24,56885.98,57232.67,55943.23,56032.12,46295604
BTC-USD,2024-07-25,55743.45,57374.54,54154.5,54691.88,58263961
BTC-USD,2024-07-26,55035.35,56161.36,54437.72,54826.09,46081433
BTC-USD,2024-07-27,54315.0,54852.01,53553.83,54222.74,74810940
BTC-USD,2024-07-28,53830.03,55142.59,53025.61,54657.41,68549597
BTC-USD,2024-07-29,54714.56,55327.45,53340.76,54222.55,43049368
BTC-USD,2024-07-30,54352.56,55301.22,52967.54,55199.65,14347508
BTC-USD,2024-07-31,55615.81,57034.14,54114.0,55399.35,13013812
BTC-USD,2024-08-01,55384.86,56275.77,55060.5,56110.29,23011781
BTC-USD,2024-08-02,56450.2,57889.61,56348.39,57263.51,19914392
BTC-USD,2024-08-03,57275.2,58790.94,56548.55,58026.86,12101284
BTC-USD,2024-08-04,58078.44,59303.2,57135.95,57404.44,22677576
BTC-USD,2024-08-05,56896.73,58593.42,55610.31,58373.62,68975723
BTC-USD,2024-08-06,58768.99,59103.88,58768.9,58947.07,33511883
BTC-USD,2024-08-07,59196.2,60684.85,58334.77,59193.93,19459720
BTC-USD,2024-08-08,59764.41,60685.67,59654.71,60155.45,41877739
BTC-USD,2024-08-09,60680.54,60785.3,59931.29,60427.28,45135027
BTC-USD,2024-08-10,60656.46,62323.35,59784.0,61416.44,37562666
BTC-USD,2024-08-11,61073.05,61438.84,61067.97,61068.65,53846904
BTC-USD,2024-08-12,60803.85,61443.53,59503.75,60972.36,10038402
BTC-USD,2024-08-13,60619.91,62212.49,59052.54,60516.42,34628871
BTC-USD,2024-08-14,60257.61,60292.72,59829.34,60284.72,32851210
BTC-USD,2024-08-15,60172.51,61743.23,59713.78,60740.74,49357273
BTC-USD,2024-08-16,60653.47,60800.56,59142.39,60325.26,65572863
BTC-USD,2024-08-17,60141.48,61327.83,59276.69,60628.93,56691383
BTC-USD,2024-08-18,60442.7,60766.46,59217.7,60266.53,50602473
BTC-USD,2024-08-19,60325.77,61708.38,60318.85,61299.28,30022494
BTC-USD,2024-08-20,61356.52,62557.93,61258.49,61868.21,67577332
BTC-USD,2024-08-21,61988.37,62437.19,61254.9,62037.3,24446286
BTC-USD,2024-08-22,62526.95,63397.15,61096.99,62649.28,61105017
BTC-USD,2024-08-23,62799.36,63624.02,61706.83,61984.44,14429626
BTC-USD,2024-08-24,61627.53,62464.23,61391.41,61427.26,65794742
BTC-USD,2024-08-25,61106.76,61467.25,60243.18,61224.39,48711484
BTC-USD,2024-08-26,60699.49,62468.92,59234.19,61243.08,71944005
BTC-USD,2024-08-27,60675.9,62443.54,59058.2,61351.13,46896858
BTC-USD,2024-08-28,61349.77,61589.38,60820.72,61158.52,49561662
BTC-USD,2024-08-29,60591.59,60806.12,59827.51,60330.8,61112932
BTC-USD,2024-08-30,60253.51,61746.45,59529.22,59742.54,35566759
BTC-USD,2024-08-31,59438.05,61203.03,59269.86,59978.96,16748330
BTC-USD,2024-09-01,59471.22,61185.05,58617.52,59302.78,35781907
BTC-USD,2024-09-02,58929.12,59975.61,58224.44,59342.75,56559139
BTC-USD,2024-09-03,58960.05,59496.13,58657.44,59440.13,76330525
BTC-USD,2024-09-04,59555.73,61151.7,59230.84,60765.57,15194050
BTC-USD,2024-09-05,60835.04,62299.98,59786.95,61916.98,10295828
BTC-USD,2024-09-06,62422.48,63940.61,60958.92,61984.07,38543686
BTC-USD,2024-09-07,62188.03,63936.46,60867.66,63917.39,75556953
BTC-USD,2024-09-08,64181.56,65458.64,64049.31,65199.49,11526346
BTC-USD,2024-09-09,65204.69,66738.46,64759.21,65561.78,71708767
BTC-USD,2024-09-10,65324.39,66087.34,64997.18,65006.48,34099740
BTC-USD,2024-09-11,64600.55,64700.09,63504.0,63507.21,19391491
BTC-USD,2024-09-12,63737.53,65440.96,63090.04,65115.72,61150110
BTC-USD,2024-09-13,65536.62,67118.22,64179.33,64776.05,20895897
BTC-USD,2024-09-14,65042.66,66110.51,63997.22,65226.82,44186761
BTC-USD,2024-09-15,65867.27,67046.7,64669.46,65876.65,28245253
BTC-USD,2024-09-16,65569.57,66052.07,64974.81,65870.75,25715442
BTC-USD,2024-09-17,65423.72,67125.06,64314.5,65769.53,16837045
BTC-USD,2024-09-18,65534.01,67494.07,65276.97,66321.22,20559552
BTC-USD,2024-09-19,66961.2,68358.87,65788.75,66060.13,52298479
BTC-USD,2024-09-20,66150.51,67540.17,65517.46,66445.73,68668409
BTC-USD,2024-09-21,65970.24,66884.16,65450.84,65625.4,57531578
BTC-USD,2024-09-22,65242.91,66175.5,64089.58,65478.17,35046893
BTC-USD,2024-09-23,64852.67,66545.6,63780.1,64373.68,72645431
BTC-USD,2024-09-24,64494.88,65364.01,62693.01,63125.04,65737915
BTC-USD,2024-09-25,62514.69,63986.35,62352.27,62696.85,23024605
BTC-USD,2024-09-26,62944.87,64310.45,61802.19,63604.69,50707111
BTC-USD,2024-09-27,63354.75,64171.84,63112.84,64081.48,61332276
BTC-USD,2024-09-28,63744.65,65426.27,63270.54,64035.08,77454421
BTC-USD,2024-09-29,63416.54,64086.58,62743.96,63061.5,37471346
BTC-USD,2024-09-30,63180.18,63877.76,62390.46,63799.63,32959225
BTC-USD,2024-10-01,63680.7,64126.38,62282.67,62311.5,12890356
BTC-USD,2024-10-02,62224.84,62843.72,60864.08,61695.26,24392852
BTC-USD,2024-10-03,61797.11,62119.41,60040.61,60259.03,24894197
BTC-USD,2024-10-04,60530.45,61421.92,59732.27,60413.01,11626652
BTC-USD,2024-10-05,59878.23,60006.77,58424.54,59794.0,38235881
BTC-USD,2024-10-06,59846.01,60482.15,58553.27,59438.42,12349570
BTC-USD,2024-10-07,60000.53,61041.76,59445.08,59630.08,50959402
BTC-USD,2024-10-08,59870.65,60326.47,59693.85,60174.72,37226791
BTC-USD,2024-10-09,60466.82,61936.19,58971.1,61044.65,24496715
BTC-USD,2024-10-10,61191.93,62333.19,60468.39,61028.19,75762010
BTC-USD,2024-10-11,61255.24,62214.84,59986.39,61769.4,74576723
BTC-USD,2024-10-12,62277.32,63637.89,61571.62,62897.5,28372346
BTC-USD,2024-10-13,63144.05,63430.58,63085.51,63178.22,38791043
BTC-USD,2024-10-14,63324.72,64751.7,63203.96,63333.08,45083150
BTC-USD,2024-10-15,63093.03,64264.82,62792.87,63830.57,51620442
BTC-USD,2024-10-16,63607.97,63725.88,63325.06,63458.94,56386510
BTC-USD,2024-10-17,62980.84,64416.33,61170.8,62630.88,15405486
BTC-USD,2024-10-18,62964.55,63915.66,62809.17,63198.6,12830586
BTC-USD,2024-10-19,62597.48,62611.76,61764.72,61886.42,59964792
BTC-USD,2024-10-20,62326.36,63098.44,61077.74,62210.02,28875130
BTC-USD,2024-10-21,61956.37,62165.29,61896.38,62090.0,71223211
BTC-USD,2024-10-22,61935.66,63593.4,60645.65,61007.33,46722805
BTC-USD,2024-10-23,61593.76,62734.45,60272.46,61946.08,19235128
BTC-USD,2024-10-24,62422.41,62594.16,61675.12,62065.24,21251311
BTC-USD,2024-10-25,62196.76,62665.63,61880.76,62292.8,50709625
BTC-USD,2024-10-26,61875.7,63516.52,60735.44,63316.41,23951955
BTC-USD,2024-10-27,63095.19,63420.6,61647.96,62594.09,59950193
BTC-USD,2024-10-28,62500.65,63856.86,61864.94,63583.45,45582079
BTC-USD,2024-10-29,63434.43,64329.29,62252.34,63121.54,79122313
BTC-USD,2024-10-30,63112.35,64189.94,62991.42,64021.11,21981809
BTC-USD,2024-10-31,63390.7,64214.38,62079.23,63298.56,60286608
BTC-USD,2024-11-01,63281.66,65106.45,61628.89,61738.94,35345302
BTC-USD,2024-11-02,61987.23,62302.28,60169.93,60385.79,10818922
BTC-USD,2024-11-03,59887.46,61607.98,59418.46,60855.64,41016495
BTC-USD,2024-11-04,60275.42,61392.12,59783.08,61043.08,45851670
BTC-USD,2024-11-05,61253.62,62500.69,59675.15,62135.76,34478982
BTC-USD,2024-11-06,61687.15,62768.5,60694.34,61563.5,29365392
BTC-USD,2024-11-07,61527.37,61872.41,60800.4,60854.14,35277879
BTC-USD,2024-11-08,60369.13,60723.96,58766.49,60242.1,39664115
BTC-USD,2024-11-09,60539.89,60946.63,59405.57,59873.41,70419000
BTC-USD,2024-11-10,59973.88,61388.61,59714.7,60341.73,38217116
BTC-USD,2024-11-11,60675.61,62029.7,59025.11,61798.59,42301733
BTC-USD,2024-11-12,61568.99,63324.45,61521.17,62145.63,73327882
BTC-USD,2024-11-13,61573.96,62100.42,60893.64,61528.62,40147800
BTC-USD,2024-11-14,60987.82,61493.9,60925.61,61087.66,10033596
BTC-USD,2024-11-15,61290.54,62569.04,59548.3,60135.91,30368773
BTC-USD,2024-11-16,60556.55,62341.77,58831.26,61525.61,11547653
BTC-USD,2024-11-17,61029.59,61211.16,60304.48,60372.2,49653597
BTC-USD,2024-11-18,60552.58,62069.38,60489.32,61647.21,73407094
BTC-USD,2024-11-19,62224.51,62787.68,61587.01,62428.48,23223287
BTC-USD,2024-11-20,63003.44,64577.33,62723.19,62779.17,28418277
BTC-USD,2024-11-21,62516.2,62945.59,60649.48,62088.45,15292568
BTC-USD,2024-11-22,62372.66,63681.84,61492.87,61938.19,75527920
BTC-USD,2024-11-23,62070.33,63884.13,61983.86,62260.02,72327526
BTC-USD,2024-11-24,62541.65,64164.19,61299.54,61557.98,38310882
BTC-USD,2024-11-25,61851.62,61852.3,61830.67,61845.79,33656049
BTC-USD,2024-11-26,62074.94,63840.6,60665.45,62976.31,20208325
BTC-USD,2024-11-27,62733.17,63624.99,61278.99,62040.78,11629412
BTC-USD,2024-11-28,61891.31,62914.45,60811.26,61067.98,29452730
BTC-USD,2024-11-29,61392.17,61848.29,60886.12,61086.0,70267540
BTC-USD,2024-11-30,60919.32,62636.01,59658.28,61320.33,64832601
BTC-USD,2024-12-01,61845.52,62441.37,61767.01,61829.76,50969068
BTC-USD,2024-12-02,62327.15,62842.4,62297.83,62426.99,52688595
BTC-USD,2024-12-03,62233.62,62435.03,60421.97,60848.49,64744805
BTC-USD,2024-12-04,60748.36,61629.42,59435.43,61251.65,51797949
BTC-USD,2024-12-05,61591.53,62502.84,60094.18,60765.24,36760213
BTC-USD,2024-12-06,61023.6,61963.1,59235.2,61868.21,14390127
BTC-USD,2024-12-07,61553.76,62477.95,60758.55,60933.33,48248275
BTC-USD,2024-12-08,60370.78,62172.98,59399.49,62116.28,74897477
BTC-USD,2024-12-09,61822.55,63602.92,60356.73,62964.51,25888952
BTC-USD,2024-12-10,63091.26,64425.29,61643.69,61992.54,57778795
BTC-USD,2024-12-11,61377.09,62600.04,60209.05,61446.86,55457311
BTC-USD,2024-12-12,61420.22,63032.79,59710.12,62095.44,12501254
BTC-USD,2024-12-13,62023.32,62334.74,61666.18,61764.83,25494102
BTC-USD,2024-12-14,61296.22,61623.62,59800.04,60184.99,29149921
BTC-USD,2024-12-15,60499.58,60596.47,58799.98,60006.45,68935101
BTC-USD,2024-12-16,60163.62,60226.75,59075.93,60010.68,65766380
BTC-USD,2024-12-17,59720.98,61086.7,58854.62,60488.74,40861059
BTC-USD,2024-12-18,60324.38,60358.87,60298.65,60317.26,40579922
BTC-USD,2024-12-19,60751.95,62322.51,59187.38,61194.02,25886628
BTC-USD,2024-12-20,61142.31,62172.01,61019.94,61357.55,77828096
BTC-USD,2024-12-21,61652.2,61761.03,60493.61,61208.33,51029970
BTC-USD,2024-12-22,61051.09,62573.14,59603.06,61142.69,27676881
BTC-USD,2024-12-23,60592.76,61084.52,59823.62,60057.77,39596323
BTC-USD,2024-12-24,59762.94,60249.83,59548.76,59776.14,65336321
BTC-USD,2024-12-25,59518.12,60784.19,58214.85,60175.54,45509570
BTC-USD,2024-12-26,60599.33,61354.04,60516.3,60718.81,48951381
BTC-USD,2024-12-27,60721.2,62060.86,59366.41,61253.61,37178785
BTC-USD,2024-12-28,61790.29,61954.34,59965.95,60988.54,61024369
BTC-USD,2024-12-29,60541.04,62101.74,59921.07,61210.04,56251461
BTC-USD,2024-12-30,61444.26,62452.33,61061.08,61369.23,40235075
ETH-USD,2024-01-01,3194.13,3260.28,3104.57,3248.13,63447919
ETH-USD,2024-01-02,3256.47,3332.52,3253.45,3324.33,24171488
ETH-USD,2024-01-03,3297.21,3378.44,3291.03,3323.66,28317916
ETH-USD,2024-01-04,3327.79,3366.27,3289.58,3333.95,33461138
ETH-USD,2024-01-05,3319.71,3389.27,3249.37,3331.56,79723759
ETH-USD,2024-01-06,3319.18,3380.55,3252.13,3311.14,44356835
ETH-USD,2024-01-07,3334.85,3398.28,3302.96,3340.57,71149697
ETH-USD,2024-01-08,3325.69,3376.96,3271.65,3336.98,13399339
ETH-USD,2024-01-09,3325.88,3327.62,3304.87,3323.51,38299946
ETH-USD,2024-01-10,3295.78,3368.47,3244.01,3278.0,72561584
ETH-USD,2024-01-11,3307.29,3346.95,3286.54,3326.62,33471418
ETH-USD,2024-01-12,3357.72,3374.27,3268.99,3315.52,64596852
ETH-USD,2024-01-13,3322.13,3410.62,3272.64,3332.16,60202710
ETH-USD,2024-01-14,3363.07,3415.54,3267.55,3316.01,35155783
ETH-USD,2024-01-15,3320.97,3372.16,3317.48,3328.58,14145948
ETH-USD,2024-01-16,3308.93,3350.63,3284.43,3331.95,29571870
ETH-USD,2024-01-17,3300.47,3354.16,3274.35,3340.21,11378231
ETH-USD,2024-01-18,3322.26,3377.09,3254.19,3292.46,40605183
ETH-USD,2024-01-19,3299.96,3385.36,3293.38,3324.36,34656761
ETH-USD,2024-01-20,3321.2,3401.89,3233.18,3240.55,75955503
ETH-USD,2024-01-21,3221.96,3231.52,3208.99,3210.96,64287463
ETH-USD,2024-01-22,3213.13,3255.19,3122.67,3189.83,21418522
ETH-USD,2024-01-23,3209.96,3261.58,3113.68,3234.54,50052877
ETH-USD,2024-01-24,3216.96,3248.58,3206.07,3236.3,76231523
ETH-USD,2024-01-25,3264.09,3314.89,3192.04,3269.72,62653576
ETH-USD,2024-01-26,3293.23,3325.88,3236.69,3252.28,34050605
ETH-USD,2024-01-27,3276.31,3311.3,3195.17,3257.84,53123103
ETH-USD,2024-01-28,3283.12,3368.16,3209.54,3313.74,30024736
ETH-USD,2024-01-29,3340.01,3428.05,3296.81,3388.65,25869979
ETH-USD,2024-01-30,3382.83,3448.51,3332.66,3389.35,36406678
ETH-USD,2024-01-31,3361.18,3411.85,3277.89,3376.91,25677880
ETH-USD,2024-02-01,3380.7,3468.45,3354.13,3381.99,59511762
ETH-USD,2024-02-02,3377.11,3416.4,3356.23,3362.59,25003468
ETH-USD,2024-02-03,3337.98,3392.25,3312.63,3328.76,31206172
ETH-USD,2024-02-04,3332.16,3380.5,3309.69,3379.96,33525015
ETH-USD,2024-02-05,3390.83,3439.9,3294.98,3308.48,49774409
ETH-USD,2024-02-06,3334.87,3390.46,3289.4,3353.11,16576851
ETH-USD,2024-02-07,3321.54,3350.77,3223.82,3258.8,72769094
ETH-USD,2024-02-08,3246.06,3335.98,3227.76,3240.6,18770744
ETH-USD,2024-02-09,3225.21,3260.96,3214.59,3217.01,36053769
ETH-USD,2024-02-10,3218.34,3314.19,3199.83,3302.75,26147980
ETH-USD,2024-02-11,3315.15,3323.23,3239.01,3298.32,17617712
ETH-USD,2024-02-12,3280.88,3297.83,3244.04,3296.6,51779603
ETH-USD,2024-02-13,3302.42,3350.99,3242.8,3343.0,52170487
ETH-USD,2024-02-14,3339.85,3372.46,3309.82,3363.17,42441565
ETH-USD,2024-02-15,3384.56,3466.84,3351.34,3353.47,63794602
ETH-USD,2024-02-16,3337.95,3404.08,3262.44,3399.65,17941437
ETH-USD,2024-02-17,3370.93,3380.9,3350.21,3352.44,19410059
ETH-USD,2024-02-18,3371.85,3408.87,3315.98,3407.44,21659270
ETH-USD,2024-02-19,3383.79,3414.97,3347.76,3400.02,10649624
ETH-USD,2024-02-20,3432.13,3513.6,3367.69,3391.24,55257115
ETH-USD,2024-02-21,3399.33,3408.15,3318.72,3405.92,68993693
ETH-USD,2024-02-22,3422.17,3456.23,3339.87,3346.8,34023239
ETH-USD,2024-02-23,3352.95,3366.39,3322.19,3329.42,16458407
ETH-USD,2024-02-24,3331.64,3356.6,3236.4,3260.79,29399305
ETH-USD,2024-02-25,3238.87,3306.01,3195.65,3230.04,48428622
ETH-USD,2024-02-26,3229.8,3318.39,3217.53,3285.94,49143907
ETH-USD,2024-02-27,3286.09,3358.6,3232.57,3311.08,28827017
ETH-USD,2024-02-28,3289.35,3335.2,3198.79,3302.0,28173222
ETH-USD,2024-02-29,3277.28,3343.1,3188.92,3235.73,64915936
ETH-USD,2024-03-01,3217.97,3240.64,3173.55,3180.79,12863359
ETH-USD,2024-03-02,3178.76,3269.47,3163.1,3256.95,36519109
ETH-USD,2024-03-03,3283.64,3298.14,3236.15,3289.34,70885864
ETH-USD,2024-03-04,3258.7,3262.14,3228.76,3246.61,22975344
ETH-USD,2024-03-05,3228.77,3289.32,3166.64,3200.28,78294867
ETH-USD,2024-03-06,3175.6,3253.4,3101.44,3229.68,21173828
ETH-USD,2024-03-07,3219.79,3312.16,3210.28,3273.64,67588729
ETH-USD,2024-03-08,3248.88,3274.92,3193.78,3227.27,59381758
ETH-USD,2024-03-09,3235.88,3316.81,3223.05,3278.17,30657137
ETH-USD,2024-03-10,3308.48,3334.6,3228.33,3253.31,59923893
ETH-USD,2024-03-11,3260.04,3304.08,3194.79,3235.76,41930886
ETH-USD,2024-03-12,3263.41,3333.69,3187.32,3281.2,15706131
ETH-USD,2024-03-13,3304.87,3306.09,3259.41,3265.49,53188829
ETH-USD,2024-03-14,3260.74,3306.45,3210.43,3262.68,75740130
ETH-USD,2024-03-15,3247.12,3288.06,3192.48,3263.67,52581160
ETH-USD,2024-03-16,3235.58,3286.44,3231.0,3232.68,78468638
ETH-USD,2024-03-17,3233.24,3313.23,3148.32,3298.95,15754931
ETH-USD,2024-03-18,3285.31,3356.18,3274.62,3352.2,25345099
ETH-USD,2024-03-19,3340.77,3423.87,3247.16,3302.94,40052960
ETH-USD,2024-03-20,3281.53,3344.46,3214.42,3263.7,31048451
ETH-USD,2024-03-21,3262.24,3285.08,3198.74,3249.74,38100933
ETH-USD,2024-03-22,3231.1,3266.63,3207.85,3261.36,65575519
ETH-USD,2024-03-23,3284.46,3331.44,3235.8,3319.97,78331628
ETH-USD,2024-03-24,3350.78,3440.32,3299.32,3327.23,10355995
ETH-USD,2024-03-25,3350.01,3401.49,3279.31,3350.39,13681542
ETH-USD,2024-03-26,3365.09,3418.45,3278.76,3301.6,53972729
ETH-USD,2024-03-27,3316.0,3392.57,3254.07,3334.07,60445658
ETH-USD,2024-03-28,3341.28,3432.12,3310.84,3399.23,23374333
ETH-USD,2024-03-29,3389.42,3454.5,3375.55,3450.25,57881581
ETH-USD,2024-03-30,3431.7,3509.36,3349.74,3350.54,60068666
ETH-USD,2024-03-31,3378.76,3440.04,3351.54,3353.29,64496934
ETH-USD,2024-04-01,3329.65,3382.21,3231.34,3363.7,52964412
ETH-USD,2024-04-02,3344.82,3430.55,3332.8,3422.59,66472886
ETH-USD,2024-04-03,3426.99,3516.94,3420.47,3422.07,57415806
ETH-USD,2024-04-04,3446.22,3446.57,3354.28,3407.95,38520578
ETH-USD,2024-04-05,3387.41,3447.52,3372.83,3437.7,73435145
ETH-USD,2024-04-06,3418.44,3519.43,3338.26,3499.66,32533628
ETH-USD,2024-04-07,3478.55,3567.24,3467.95,3545.62,53053498
ETH-USD,2024-04-08,3549.37,3626.68,3496.56,3529.81,75090470
ETH-USD,2024-04-09,3504.0,3569.14,3410.98,3440.38,76660263
ETH-USD,2024-04-10,3419.3,3519.12,3353.16,3495.08,11777661
ETH-USD,2024-04-11,3482.44,3506.66,3468.74,3474.11,64767446
ETH-USD,2024-04-12,3497.24,3538.37,3477.02,3510.96,54525079
ETH-USD,2024-04-13,3532.49,3625.62,3477.54,3481.99,77247267
ETH-USD,2024-04-14,3473.96,3491.1,3404.44,3449.9,61429871
ETH-USD,2024-04-15,3449.91,3471.11,3434.71,3461.93,72630502
ETH-USD,2024-04-16,3439.67,3493.77,3339.78,3486.14,43473491
ETH-USD,2024-04-17,3482.75,3501.11,3480.9,3490.23,18103777
ETH-USD,2024-04-18,3469.67,3544.67,3428.09,3443.16,38511375
ETH-USD,2024-04-19,3452.08,3500.42,3366.79,3377.36,47143316
ETH-USD,2024-04-20,3344.44,3403.4,3250.78,3386.58,20656599
ETH-USD,2024-04-21,3363.75,3424.5,3302.58,3379.88,25092517
ETH-USD,2024-04-22,3349.43,3436.35,3283.48,3434.46,68269990
ETH-USD,2024-04-23,3452.06,3486.14,3399.91,3406.53,52725876
ETH-USD,2024-04-24,3388.48,3455.75,3292.71,3426.69,18243326
ETH-USD,2024-04-25,3415.24,3483.92,3322.64,3334.51,78612112
ETH-USD,2024-04-26,3311.84,3353.65,3258.72,3348.97,67349862
ETH-USD,2024-04-27,3341.7,3370.08,3306.17,3322.11,56228951
ETH-USD,2024-04-28,3299.58,3382.01,3228.64,3294.77,46307391
ETH-USD,2024-04-29,3314.75,3376.2,3244.69,3373.83,41627349
ETH-USD,2024-04-30,3348.22,3415.62,3298.78,3387.56,24927060
ETH-USD,2024-05-01,3392.59,3420.72,3359.39,3396.23,34060753
ETH-USD,2024-05-02,3369.59,3426.85,3345.18,3370.37,65830104
ETH-USD,2024-05-03,3373.19,3393.44,3281.9,3369.09,51204698
ETH-USD,2024-05-04,3401.23,3426.19,3305.66,3338.21,37431662
ETH-USD,2024-05-05,3344.97,3371.72,3306.01,3329.79,60231199
ETH-USD,2024-05-06,3342.97,3355.86,3309.88,3350.35,26207289
ETH-USD,2024-05-07,3333.14,3418.13,3323.3,3413.66,29794406
ETH-USD,2024-05-08,3407.89,3439.42,3380.15,3398.54,54142700
ETH-USD,2024-05-09,3372.13,3421.72,3355.27,3364.98,15663143
ETH-USD,2024-05-10,3362.18,3458.28,3324.43,3416.93,65184183
ETH-USD,2024-05-11,3411.0,3481.51,3316.06,3366.31,63561629
ETH-USD,2024-05-12,3380.29,3427.2,3315.41,3362.13,73521836
ETH-USD,2024-05-13,3390.67,3398.47,3360.02,3364.05,76424470
ETH-USD,2024-05-14,3384.22,3447.56,3286.13,3350.31,25604948
ETH-USD,2024-05-15,3377.73,3406.39,3331.83,3337.15,59711520
ETH-USD,2024-05-16,3344.77,3367.25,3342.11,3362.97,36684946
ETH-USD,2024-05-17,3396.46,3430.58,3360.21,3402.25,34908388
ETH-USD,2024-05-18,3409.49,3461.45,3357.56,3400.19,23698355
ETH-USD,2024-05-19,3405.89,3416.76,3363.79,3410.34,70045066
ETH-USD,2024-05-20,3432.24,3520.22,3331.98,3422.09,28436349
ETH-USD,2024-05-21,3427.77,3502.22,3394.5,3431.22,50492408
ETH-USD,2024-05-22,3459.08,3513.51,3431.79,3507.15,75784063
ETH-USD,2024-05-23,3513.73,3588.42,3412.23,3485.47,40358436
ETH-USD,2024-05-24,3454.39,3457.63,3452.15,3453.49,45962520
ETH-USD,2024-05-25,3458.88,3549.39,3406.41,3526.97,43205168
ETH-USD,2024-05-26,3524.32,3532.28,3434.5,3443.7,69134766
ETH-USD,2024-05-27,3468.45,3559.91,3405.69,3536.9,64020835
ETH-USD,2024-05-28,3536.23,3625.35,3440.83,3503.68,16065486
ETH-USD,2024-05-29,3484.03,3511.92,3428.05,3444.67,71327210
ETH-USD,2024-05-30,3411.08,3470.07,3392.32,3459.03,22040458
ETH-USD,2024-05-31,3466.73,3534.78,3380.49,3418.68,63476179
ETH-USD,2024-06-01,3429.69,3478.25,3339.88,3468.12,60800866
ETH-USD,2024-06-02,3458.02,3514.54,3428.52,3459.05,17965840
ETH-USD,2024-06-03,3429.92,3435.68,3400.99,3412.78,71513539
ETH-USD,2024-06-04,3436.46,3466.76,3419.34,3461.35,64241072
ETH-USD,2024-06-05,3456.8,3495.11,3365.46,3406.35,71985301
ETH-USD,2024-06-06,3373.14,3393.97,3361.43,3373.29,76804272
ETH-USD,2024-06-07,3390.91,3481.57,3366.7,3398.99,36366536
ETH-USD,2024-06-08,3391.58,3490.71,3331.28,3445.97,57846244
ETH-USD,2024-06-09,3432.62,3468.04,3392.39,3403.06,64296369
ETH-USD,2024-06-10,3418.46,3466.77,3418.14,3428.32,24052810
ETH-USD,2024-06-11,3440.18,3494.91,3436.71,3436.85,21656319
ETH-USD,2024-06-12,3443.93,3529.51,3421.68,3518.28,61903779
ETH-USD,2024-06-13,3501.86,3606.21,3436.37,3497.34,20690692
ETH-USD,2024-06-14,3513.04,3558.24,3483.17,3552.95,67413556
ETH-USD,2024-06-15,3567.11,3638.5,3553.07,3612.43,50859305
ETH-USD,2024-06-16,3613.12,3675.3,3594.38,3663.29,31474355
ETH-USD,2024-06-17,3653.01,3740.13,3602.36,3717.25,68216865
ETH-USD,2024-06-18,3734.93,3768.5,3714.39,3745.24,55131738
ETH-USD,2024-06-19,3724.6,3778.34,3623.19,3719.37,34033939
ETH-USD,2024-06-20,3691.52,3727.08,3676.61,3694.33,50216846
ETH-USD,2024-06-21,3679.58,3696.66,3636.54,3685.09,28409107
ETH-USD,2024-06-22,3719.08,3806.03,3619.28,3649.8,20386642
ETH-USD,2024-06-23,3668.59,3723.04,3617.07,3686.85,48767685
ETH-USD,2024-06-24,3670.57,3707.76,3636.73,3651.97,66921553
ETH-USD,2024-06-25,3656.78,3672.97,3611.18,3631.93,61885538
ETH-USD,2024-06-26,3596.25,3627.51,3514.84,3539.25,30013737
ETH-USD,2024-06-27,3526.77,3567.35,3465.95,3502.29,37738763
ETH-USD,2024-06-28,3509.66,3526.63,3462.05,3471.81,65778107
ETH-USD,2024-06-29,3475.47,3487.72,3463.29,3474.83,68151852
ETH-USD,2024-06-30,3470.01,3517.4,3428.24,3474.3,34683713
ETH-USD,2024-07-01,3490.93,3521.49,3403.41,3424.78,76776573
ETH-USD,2024-07-02,3411.48,3478.53,3391.21,3451.83,63785214
ETH-USD,2024-07-03,3452.72,3494.4,3361.84,3478.16,46717354
ETH-USD,2024-07-04,3458.46,3543.39,3455.43,3465.97,12917626
ETH-USD,2024-07-05,3461.0,3515.28,3430.56,3444.74,13113395
ETH-USD,2024-07-06,3477.25,3487.62,3416.31,3463.88,77679519
ETH-USD,2024-07-07,3461.32,3525.16,3368.27,3408.24,27866024
ETH-USD,2024-07-08,3384.82,3408.31,3324.14,3340.57,31828748
ETH-USD,2024-07-09,3341.88,3385.22,3276.87,3344.27,78885659
ETH-USD,2024-07-10,3363.62,3371.85,3351.02,3370.8,57856182
ETH-USD,2024-07-11,3377.27,3473.36,3328.22,3462.34,72411871
ETH-USD,2024-07-12,3489.94,3554.03,3392.04,3429.56,75718180
ETH-USD,2024-07-13,3445.9,3466.12,3363.31,3397.5,50577240
ETH-USD,2024-07-14,3425.38,3461.35,3382.59,3456.01,29184483
ETH-USD,2024-07-15,3455.75,3540.07,3372.51,3383.11,79288012
ETH-USD,2024-07-16,3408.03,3458.26,3372.39,3429.11,10121989
ETH-USD,2024-07-17,3409.14,3447.86,3337.63,3414.55,41704068
ETH-USD,2024-07-18,3389.08,3433.27,3316.62,3350.75,72880134
ETH-USD,2024-07-19,3373.87,3444.84,3372.46,3423.09,65560639
ETH-USD,2024-07-20,3420.95,3519.11,3417.46,3427.81,78489145
ETH-USD,2024-07-21,3426.5,3436.07,3404.13,3408.14,50493749
ETH-USD,2024-07-22,3422.38,3442.29,3369.13,3434.43,24910116
ETH-USD,2024-07-23,3468.13,3503.48,3428.3,3502.6,58223468
ETH-USD,2024-07-24,3525.71,3550.0,3425.78,3543.06,79491623
ETH-USD,2024-07-25,3538.98,3635.21,3487.3,3595.47,52184774
ETH-USD,2024-07-26,3617.19,3620.17,3563.14,3598.44,43913533
ETH-USD,2024-07-27,3590.35,3649.31,3549.27,3588.5,50171702
ETH-USD,2024-07-28,3595.7,3677.57,3561.65,3624.85,72228791
ETH-USD,2024-07-29,3598.09,3604.85,3552.49,3565.48,46772284
ETH-USD,2024-07-30,3591.28,3697.81,3555.83,3605.1,78387850
ETH-USD,2024-07-31,3588.69,3680.83,3555.7,3590.15,11301849
ETH-USD,2024-08-01,3562.71,3640.77,3548.08,3602.61,55300976
ETH-USD,2024-08-02,3569.34,3652.44,3486.76,3530.42,28300802
ETH-USD,2024-08-03,3526.11,3599.86,3498.18,3525.87,40458599
ETH-USD,2024-08-04,3547.17,3580.82,3490.0,3505.06,17098277
ETH-USD,2024-08-05,3525.92,3541.31,3518.62,3524.0,28846679
ETH-USD,2024-08-06,3546.9,3626.67,3459.09,3557.1,59427727
ETH-USD,2024-08-07,3572.67,3658.21,3520.33,3547.25,19997653
ETH-USD,2024-08-08,3567.18,3611.23,3478.52,3565.31,14631055
ETH-USD,2024-08-09,3590.1,3654.22,3540.02,3546.32,25077638
ETH-USD,2024-08-10,3562.23,3642.54,3480.71,3538.63,17362938
ETH-USD,2024-08-11,3517.49,3559.05,3444.26,3494.27,16357997
ETH-USD,2024-08-12,3487.86,3515.78,3455.14,3477.98,17853435
ETH-USD,2024-08-13,3506.02,3521.15,3482.24,3484.7,36413789
ETH-USD,2024-08-14,3513.52,3598.16,3461.16,3489.85,47180713
ETH-USD,2024-08-15,3522.88,3587.0,3466.26,3535.8,19028107
ETH-USD,2024-08-16,3525.45,3614.71,3506.41,3543.64,77338252
ETH-USD,2024-08-17,3526.31,3616.11,3466.62,3509.31,26620003
ETH-USD,2024-08-18,3531.83,3570.12,3445.5,3530.45,10227943
ETH-USD,2024-08-19,3535.87,3586.02,3523.7,3569.64,29657609
ETH-USD,2024-08-20,3574.83,3643.71,3540.28,3549.33,38415942
ETH-USD,2024-08-21,3556.67,3660.63,3526.65,3632.37,35499673
ETH-USD,2024-08-22,3667.8,3686.63,3593.75,3600.26,46991269
ETH-USD,2024-08-23,3571.54,3651.39,3479.72,3623.06,71380240
ETH-USD,2024-08-24,3609.2,3617.38,3570.31,3602.38,62580135
ETH-USD,2024-08-25,3595.09,3679.07,3521.3,3620.24,71406704
ETH-USD,2024-08-26,3590.63,3612.66,3569.9,3595.02,20340207
ETH-USD,2024-08-27,3566.51,3588.16,3508.55,3525.39,68357595
ETH-USD,2024-08-28,3512.86,3600.53,3473.6,3550.67,72947020
ETH-USD,2024-08-29,3580.71,3588.36,3540.34,3572.89,31001474
ETH-USD,2024-08-30,3544.61,3583.22,3476.31,3568.22,42760098
ETH-USD,2024-08-31,3540.26,3548.43,3494.59,3536.69,69996810
ETH-USD,2024-09-01,3546.51,3633.27,3515.47,3597.3,64839307
ETH-USD,2024-09-02,3596.86,3624.37,3512.18,3520.56,31331265
ETH-USD,2024-09-03,3547.81,3635.42,3486.15,3593.4,67224471
ETH-USD,2024-09-04,3602.93,3611.3,3561.82,3586.81,67833634
ETH-USD,2024-09-05,3579.75,3611.04,3508.49,3556.65,53513467
ETH-USD,2024-09-06,3559.9,3609.93,3473.78,3578.52,54294413
ETH-USD,2024-09-07,3587.24,3598.9,3495.26,3562.78,75465243
ETH-USD,2024-09-08,3561.86,3661.93,3528.11,3634.59,60842533
ETH-USD,2024-09-09,3660.17,3713.17,3641.71,3655.96,45245625
ETH-USD,2024-09-10,3642.44,3703.52,3578.79,3594.53,35785394
ETH-USD,2024-09-11,3586.78,3671.69,3486.94,3543.66,57498524
ETH-USD,2024-09-12,3519.38,3579.32,3453.92,3472.82,30194868
ETH-USD,2024-09-13,3488.9,3584.76,3487.1,3502.34,36194153
ETH-USD,2024-09-14,3518.72,3532.27,3473.44,3487.17,34868109
ETH-USD,2024-09-15,3506.34,3600.35,3451.7,3580.74,35394092
ETH-USD,2024-09-16,3614.61,3705.31,3527.15,3545.94,71710960
ETH-USD,2024-09-17,3574.13,3671.61,3495.78,3571.9,16738361
ETH-USD,2024-09-18,3575.75,3675.36,3573.03,3652.91,50562247
ETH-USD,2024-09-19,3635.67,3715.32,3614.23,3626.99,35015434
ETH-USD,2024-09-20,3630.79,3684.48,3566.89,3657.93,51608897
ETH-USD,2024-09-21,3692.17,3722.82,3598.18,3657.36,21115740
ETH-USD,2024-09-22,3649.93,3685.7,3579.87,3622.53,28366236
ETH-USD,2024-09-23,3633.32,3706.3,3544.58,3633.36,10362968
ETH-USD,2024-09-24,3642.63,3719.32,3580.31,3702.27,49745770
ETH-USD,2024-09-25,3669.69,3733.37,3625.79,3688.02,79424054
ETH-USD,2024-09-26,3658.86,3718.0,3598.58,3604.24,72858881
ETH-USD,2024-09-27,3591.79,3602.7,3555.27,3588.94,69751266
ETH-USD,2024-09-28,3554.96,3568.59,3455.73,3521.29,64471898
ETH-USD,2024-09-29,3534.91,3635.67,3516.02,3583.93,67416282
ETH-USD,2024-09-30,3601.83,3609.44,3524.15,3585.03,64758423
ETH-USD,2024-10-01,3552.45,3620.64,3491.79,3516.02,65901914
ETH-USD,2024-10-02,3510.85,3602.09,3411.44,3504.31,68503298
ETH-USD,2024-10-03,3526.3,3531.78,3432.8,3451.88,79048302
ETH-USD,2024-10-04,3477.04,3543.78,3404.2,3481.92,21249972
ETH-USD,2024-10-05,3469.25,3487.61,3446.46,3447.87,66078540
ETH-USD,2024-10-06,3426.74,3453.96,3366.83,3366.91,66533911
ETH-USD,2024-10-07,3382.73,3442.45,3343.22,3439.44,38611475
ETH-USD,2024-10-08,3432.74,3479.68,3335.24,3403.82,28935448
ETH-USD,2024-10-09,3370.16,3413.4,3292.87,3329.67,70118590
ETH-USD,2024-10-10,3333.76,3406.77,3269.84,3391.47,54125669
ETH-USD,2024-10-11,3420.63,3466.5,3328.94,3364.16,48525507
ETH-USD,2024-10-12,3341.7,3416.03,3330.0,3331.06,26005884
ETH-USD,2024-10-13,3327.97,3406.83,3276.22,3404.78,15839147
ETH-USD,2024-10-14,3424.3,3454.4,3418.53,3447.03,54847716
ETH-USD,2024-10-15,3478.55,3536.91,3423.26,3525.61,59911506
ETH-USD,2024-10-16,3524.06,3616.36,3485.67,3510.58,10768362
ETH-USD,2024-10-17,3509.76,3561.15,3484.7,3486.43,67031101
ETH-USD,2024-10-18,3506.42,3523.79,3460.59,3513.66,34399104
ETH-USD,2024-10-19,3480.97,3569.55,3391.38,3501.08,40400461
ETH-USD,2024-10-20,3507.27,3520.79,3479.38,3500.54,42721498
ETH-USD,2024-10-21,3467.61,3494.72,3379.42,3391.27,59261011
ETH-USD,2024-10-22,3374.31,3445.73,3329.34,3385.68,32247720
ETH-USD,2024-10-23,3372.71,3377.43,3293.55,3295.95,59134746
ETH-USD,2024-10-24,3263.87,3265.01,3190.51,3237.75,19534955
ETH-USD,2024-10-25,3206.32,3267.72,3180.27,3217.58,35441269
ETH-USD,2024-10-26,3243.81,3248.87,3220.34,3223.94,55133941
ETH-USD,2024-10-27,3223.73,3233.03,3168.91,3180.23,42475698
ETH-USD,2024-10-28,3186.28,3222.9,3131.27,3214.56,32238856
ETH-USD,2024-10-29,3203.39,3228.97,3155.4,3169.6,27193032
ETH-USD,2024-10-30,3191.63,3221.73,3174.47,3207.07,34952551
ETH-USD,2024-10-31,3186.84,3223.31,3100.51,3169.99,41799839
ETH-USD,2024-11-01,3189.65,3242.06,3166.1,3218.56,37879668
ETH-USD,2024-11-02,3211.6,3212.96,3156.02,3176.48,20637621
ETH-USD,2024-11-03,3170.23,3250.69,3143.63,3166.46,35235109
ETH-USD,2024-11-04,3186.97,3203.84,3131.4,3179.41,45438254
ETH-USD,2024-11-05,3169.78,3222.81,3092.17,3217.16,77726183
ETH-USD,2024-11-06,3231.36,3289.33,3174.46,3193.17,65274432
ETH-USD,2024-11-07,3206.85,3287.5,3115.01,3160.04,64718444
ETH-USD,2024-11-08,3190.16,3277.8,3136.46,3209.76,74381810
ETH-USD,2024-11-09,3234.41,3279.04,3214.15,3269.23,14031225
ETH-USD,2024-11-10,3246.58,3332.83,3197.05,3262.07,57378733
ETH-USD,2024-11-11,3248.35,3252.58,3232.85,3239.95,73574716
ETH-USD,2024-11-12,3254.13,3324.89,3225.9,3257.28,63962495
ETH-USD,2024-11-13,3231.11,3278.73,3136.2,3224.62,55609152
ETH-USD,2024-11-14,3252.69,3327.07,3184.98,3257.49,59153999
ETH-USD,2024-11-15,3283.64,3346.93,3257.42,3330.57,77304755
ETH-USD,2024-11-16,3346.16,3378.45,3345.9,3371.29,15890209
ETH-USD,2024-11-17,3373.38,3454.64,3304.22,3388.14,11514891
ETH-USD,2024-11-18,3381.97,3396.64,3369.37,3374.75,31889311
ETH-USD,2024-11-19,3368.03,3453.93,3287.13,3452.01,49343666
ETH-USD,2024-11-20,3440.2,3518.95,3423.31,3494.49,42005542
ETH-USD,2024-11-21,3480.51,3562.64,3442.11,3495.88,64511745
ETH-USD,2024-11-22,3517.84,3596.17,3449.07,3499.76,57445809
ETH-USD,2024-11-23,3491.71,3502.39,3389.57,3462.5,74369147
ETH-USD,2024-11-24,3488.03,3555.13,3449.75,3545.54,70009332
ETH-USD,2024-11-25,3550.34,3567.41,3502.62,3503.76,11297896
ETH-USD,2024-11-26,3479.6,3526.32,3434.14,3459.15,34641499
ETH-USD,2024-11-27,3481.74,3583.81,3450.29,3485.92,52927895
ETH-USD,2024-11-28,3472.65,3568.49,3435.82,3459.91,41627949
ETH-USD,2024-11-29,3457.36,3530.97,3392.66,3460.19,51314987
ETH-USD,2024-11-30,3427.48,3431.51,3356.04,3415.0,21809609
ETH-USD,2024-12-01,3429.46,3473.04,3329.41,3374.49,27885179
ETH-USD,2024-12-02,3350.93,3421.07,3319.41,3342.87,23152927
ETH-USD,2024-12-03,3367.26,3467.35,3326.61,3331.02,25266984
ETH-USD,2024-12-04,3326.54,3371.84,3322.43,3369.46,27492282
ETH-USD,2024-12-05,3347.75,3349.89,3307.36,3334.56,70793302
ETH-USD,2024-12-06,3329.69,3400.75,3278.03,3302.89,33527973
ETH-USD,2024-12-07,3291.13,3341.82,3286.14,3295.78,37778073
ETH-USD,2024-12-08,3301.71,3337.01,3267.43,3295.24,20693324
ETH-USD,2024-12-09,3298.24,3300.9,3288.19,3295.31,53033680
ETH-USD,2024-12-10,3288.48,3324.01,3215.9,3251.05,15823438
ETH-USD,2024-12-11,3262.25,3288.66,3255.13,3273.37,51552961
ETH-USD,2024-12-12,3300.88,3368.27,3249.02,3300.1,25501414
ETH-USD,2024-12-13,3311.96,3329.51,3244.37,3298.17,75242064
ETH-USD,2024-12-14,3328.72,3403.12,3288.37,3396.45,22723305
ETH-USD,2024-12-15,3396.27,3464.79,3349.16,3427.96,39340219
ETH-USD,2024-12-16,3455.37,3503.79,3396.68,3419.51,44239396
ETH-USD,2024-12-17,3414.06,3449.92,3393.82,3419.26,42100410
ETH-USD,2024-12-18,3438.09,3451.12,3409.98,3429.43,33626476
ETH-USD,2024-12-19,3435.13,3452.63,3378.3,3443.6,36719153
ETH-USD,2024-12-20,3460.74,3468.63,3426.04,3432.18,68229250
ETH-USD,2024-12-21,3406.1,3442.24,3334.19,3422.33,44105718
ETH-USD,2024-12-22,3441.88,3465.17,3346.62,3379.02,63057011
ETH-USD,2024-12-23,3389.33,3489.17,3307.12,3333.09,40833434
ETH-USD,2024-12-24,3308.46,3318.77,3260.88,3303.42,74969633
ETH-USD,2024-12-25,3311.03,3323.73,3249.82,3316.58,48103686
ETH-USD,2024-12-26,3290.76,3290.96,3217.0,3276.84,13733753
ETH-USD,2024-12-27,3301.92,3333.36,3284.87,3314.18,11786684
ETH-USD,2024-12-28,3318.25,3348.54,3244.5,3321.87,49864006
ETH-USD,2024-12-29,3324.15,3394.58,3261.69,3326.88,55790288
ETH-USD,2024-12-30,3325.66,3363.13,3283.99,3295.84,79801965
